-- phpMyAdmin SQL Dump
-- version 5.2.1
-- https://www.phpmyadmin.net/
--
-- Host: 127.0.0.1
-- Generation Time: May 22, 2025 at 01:30 AM
-- Server version: 10.4.32-MariaDB
-- PHP Version: 8.2.12

SET SQL_MODE = "NO_AUTO_VALUE_ON_ZERO";
START TRANSACTION;
SET time_zone = "+00:00";


/*!40101 SET @OLD_CHARACTER_SET_CLIENT=@@CHARACTER_SET_CLIENT */;
/*!40101 SET @OLD_CHARACTER_SET_RESULTS=@@CHARACTER_SET_RESULTS */;
/*!40101 SET @OLD_COLLATION_CONNECTION=@@COLLATION_CONNECTION */;
/*!40101 SET NAMES utf8mb4 */;

--
-- Database: `auth_system`
--

-- --------------------------------------------------------

--
-- Table structure for table `documents`
--

CREATE TABLE `documents` (
  `document_id` int(11) NOT NULL,
  `title` varchar(255) NOT NULL,
  `description` text DEFAULT NULL,
  `file_path` varchar(255) NOT NULL,
  `file_type` varchar(50) DEFAULT NULL,
  `file_size` int(11) DEFAULT NULL,
  `sha256_hash` varchar(64) DEFAULT NULL,
  `hmac_signature` text DEFAULT NULL,
  `digital_signature` text DEFAULT NULL,
  `uploaded_by` int(11) DEFAULT NULL,
  `created_at` timestamp NOT NULL DEFAULT current_timestamp(),
  `updated_at` timestamp NOT NULL DEFAULT current_timestamp() ON UPDATE current_timestamp()
) ENGINE=InnoDB DEFAULT CHARSET=utf8mb4 COLLATE=utf8mb4_general_ci;

--
-- Dumping data for table `documents`
--

INSERT INTO `documents` (`document_id`, `title`, `description`, `file_path`, `file_type`, `file_size`, `sha256_hash`, `hmac_signature`, `digital_signature`, `uploaded_by`, `created_at`, `updated_at`) VALUES
(47, 'new naser admin', 'pdf admin 1', 'uploads/documents/682e51ed1e0b6__certificate_omarmagdyyy14-gmail-com_3e91f776-11b0-4aca-b944-9df76352899e.pdf', 'application/pdf', 152840, 'c6faf26db3994e3e25f9e161f3f8436933b3b7253826b3a46f08d39e9607d657', '4f8736d69d4c8e7fbb6a720b3c91b5695b668cb74275c81a34443eef5c4f8b0b', 'p4DKlqSVLHHZyDIuaTYPih6lke1tDLwkblN29sHwplFBsDi02KY1/l8WVFbF0VjLW9KgC4NLfQkGJH1elQh104TWQmjCtdOfjit5LylrhbrYUJDLIlz/38K98ohiW3Y8Vt2tmkrI40kXsRy9CIkT3K5fIzxlUQCWCvAZV7wafCt9eIXgKPCSZeQH2Zom0QihTKrUxqD8btjgyF2mEQSkGExd5JkU6mGT/7BVKhz9uLqB3GzPLoL8LhAeJukPKLca596Jrp3xl1fU67bFStsfh6U9mZOz691wZ0VXUqF1OftZtDf8otWmV/KuIHl+ewp5fFvhOptOswqeX8gjVYVpdA==', 22, '2025-05-21 22:02:52', '2025-05-21 22:21:33'),
(48, 'from ramytt', '', 'uploads/documents/682e56df5396e.pdf', 'application/pdf', 152840, 'c6faf26db3994e3e25f9e161f3f8436933b3b7253826b3a46f08d39e9607d657', '4f8736d69d4c8e7fbb6a720b3c91b5695b668cb74275c81a34443eef5c4f8b0b', 'OpQ7HpDAbjuSyqHes7P5eV3nIqQVZhiS7mJpNrmqbQCHTytpEFjkqhqIaRqzyR+R4wSVT48alk6P8vrfAcwALXgqVGAIKegdYUHUVCTs3Q7EvJaIwYSPV7qIojhju/KAbsmN1vRBCD0qiG3Wb5Te3MUT9bSAwiomo71x+l6t9Gn+sKqV2FeMf3sklUT5OSJJakIj+awfnR5GvcMTYzu9K+rhFL6Cd0DAysZzj6wLj3Gg593aN7PfABahu/uN88Udh6mL2SAc8BAGzaywpdrTXHrs5VP9Upwq8GPpQ4d7RJG1Kj2X/CX/Al/qHe/iKQI31fKBshr+b+s+lmDEEC+kqg==', 29, '2025-05-21 22:42:39', '2025-05-21 22:43:08'),
(49, 'Kero to ramy', 'kero', 'uploads/documents/682e582e3ff2a.pdf', 'application/pdf', 1193091, 'd86c90c833d1712b2bd049db468e6f818fa8c3562796a9c9d2c703ee98845958', 'b25b6072031e315022688cb4faa1fdf18e52f7a4ec779ddcc9260026987ec505', 'WdbK1t3H3wNwNdT/u1B1EYKix49JbCgSGzJQYlJ5A0QzqylidVc4LDshvDQAROHuzjJhNKps7T+p8p6w5r2TS0uCnHqPfgqYC5O4LHbW03DKJbFZtph2rr2+J135yiqE8MjJ1nNphK/Y6fWVnKgTK44FNiJUitb4AJqUmfhU4CsvQ49994e1uO38B5zxsUij2uEHvy8bz8IpK102JkdHetVlVDjotT6p8A6bkQFBgfn/OU6wMhbIv5JkQmXc7OtPR5sjoxxv2TVoPMxXR8L7G9F2WUBeWlq0l9QX+wVAnqeiYYWh3ucnjqTbLDFnsrvqrbxN8ag5bZvZVSLf9cBmGw==', 28, '2025-05-21 22:48:14', '2025-05-21 22:48:14');

-- --------------------------------------------------------

--
-- Table structure for table `document_shares`
--

CREATE TABLE `document_shares` (
  `share_id` int(11) NOT NULL,
  `document_id` int(11) DEFAULT NULL,
  `user_id` int(11) DEFAULT NULL,
  `permission_level` enum('read','write','admin') DEFAULT 'read',
  `created_at` timestamp NOT NULL DEFAULT current_timestamp()
) ENGINE=InnoDB DEFAULT CHARSET=utf8mb4 COLLATE=utf8mb4_general_ci;

--
-- Dumping data for table `document_shares`
--

INSERT INTO `document_shares` (`share_id`, `document_id`, `user_id`, `permission_level`, `created_at`) VALUES
(41, 49, 29, 'read', '2025-05-21 22:48:58'),
(42, 49, 29, 'read', '2025-05-21 22:49:10');

-- --------------------------------------------------------

--
-- Table structure for table `document_signatures`
--

CREATE TABLE `document_signatures` (
  `signature_id` int(11) NOT NULL,
  `document_id` int(11) NOT NULL,
  `user_id` int(11) NOT NULL,
  `signature_data` text NOT NULL,
  `signed_at` datetime NOT NULL
) ENGINE=InnoDB DEFAULT CHARSET=utf8mb4 COLLATE=utf8mb4_general_ci;

--
-- Dumping data for table `document_signatures`
--

INSERT INTO `document_signatures` (`signature_id`, `document_id`, `user_id`, `signature_data`, `signed_at`) VALUES
(1, 47, 22, 'data:image/png;base64,iVBORw0KGgoAAAANSUhEUgAAAvEAAAD9CAYAAAA1ZSizAAAAAXNSR0IArs4c6QAAIABJREFUeF7t3Qu4TdX+//GvSHWUlFtIIpRwHLr5qVCpKHIvikqdXFMkKiqpk0suiVKcypFQyiUSikRUiqQQQlIndeQeheT/fMb5L2fbe6291957Xeac6z2ex+M215xjvMbca33XmGN8R54jR44cMQoCCCCAAAIIIIAAAgj4RiAPQbxv+oqKIoAAAggggAACCCDgBAjiuREQQAABBBBAAAEEEPCZAEG8zzqM6iKAAAIIIIAAAgggQBDPPYAAAggggAACCCCAgM8ECOJ91mFUFwEEEEAAAQQQQAABgnjuAQQQQAABBBBAAAEEfCZAEO+zDqO6CCCAAAIIIIAAAggQxHMPIIAAAggggAACCCDgMwGCeJ91GNVFAAEEEEAAAQQQQIAgnnsAAQQQQAABBBBAAAGfCRDE+6zDqC4CCCCAAAIIIIAAAgTx3AMIIIAAAggggAACCPhMgCDeZx1GdRFAAAEEEEAAAQQQIIjnHkAAAQQQQAABBBBAwGcCBPE+6zCqiwACCCCAAAIIIIAAQTz3AAIIIIAAAggggAACPhMgiPdZh1FdBBBAAAEEEEAAAQQI4rkHEEAAAQQQQAABBBDwmQBBvM86jOoigAACCCCAAAIIIEAQzz2AAAIIIIAAAggggIDPBAjifdZhVBcBBBBAAAEEEEAAAYJ47gEEEEAAAQQQQAABBHwmQBDvsw6juggggAACCCCAAAIIEMRzDyCAAAIIIIAAAggg4DMBgnifdRjVRQABBBBAAAEEEECAIJ57AAEEEEAAAQQQQAABnwkQxPusw6guAggggAACCCCAAAIE8dwDCCCAAAIIIIAAAgj4TIAg3mcdRnURQAABBBBAAAEEECCI5x5AAAEEEEAAAQQQQMBnAgTxPuswqosAAggggAACCCCAAEE89wACCCCAAAIIIIAAAj4TIIj3WYdRXQQQQAABBBBAAAEECOK5BxBAAAEEEEAAAQQQ8JkAQbzPOozqIoAAAggggAACCCBAEM89gAACCCCAAAIIIICAzwQI4n3WYVQXAQQQQAABBBBAAAGCeO4BBBBAAAEEEEAAAQR8JkAQ77MOo7oIIIAAAggggAACCBDEcw8ggAACCCCAAAIIIOAzAYJ4n3UY1UUAAQQQQAABBBBAgCCeewABBBBAAAEEEEAAAZ8JEMT7rMOoLgIIIIAAAggggAACBPHcAwgggAACCCCAAAII+EyAIN5nHUZ1EUAAAQQQQAABBBAgiOceQAABBBBAAAEEEEDAZwIE8T7rMKqLAAIIIIAAAggggABBPPcAAggggAACCCCAAAI+EyCI91mHUV0EEEAAAQQQQAABBAjiuQcQQAABBBBAAAEEEPCZAEG8zzqM6iKAAAIIIIAAAgggQBDPPYAAAggggAACCCCAgM8ECOJ91mFUFwEEEEAAAQQQQAABgnjuAQQQQAABBBBAAAEEfCZAEO+zDqO6CCCAAAIIIIAAAggQxHMPIIAAAggggAACCCDgMwGCeJ91GNVFAAEEEEAAAQQQQIAgnnsAAQQQQAABBBBAAAGfCRDE+6zDqC4CCCCAAAIIIIAAAgTx3AMIIIAAAggggAACCPhMgCDeZx1GdRFAAAEEEEAAAQQQIIjnHkAAAQQQQAABBBBAwGcCBPE+6zCqiwACCCCAQFAFdu7caS1atLCVK1da8+bNbfTo0UFtKu1CINcCBPG5JuQECCCAAAIIIJBbgVDgvnHjxqOnmjhxorVu3Tq3p+b1CARSgCA+kN1KoxBAAAEEEPCHwOHDh+3hhx+2gQMHZqjwpEmTrFWrVv5oCLVEIMECBPEJBudyCCCAAAIIIPBfgalTp1r37t1ty5YtGUiqV69uy5cvtzx58sCFAAJhBAjiuS0QQAABBBBAIGECf/75py1dutT69u1r7733XobrVq5c2QYPHmwNGjRIWJ24EAJ+FCCI92OvUWcEEEAAAQR8KLBo0SLr06ePLV68OGzt77zzTnviiSesRIkSPmwdVUYgsQIE8Yn15moIIIAAAgiklMCRI0fslVdesWeffdaWLVsWtu3Fixe3119/3WrXrs30mZS6O2hsbgQI4nOjx2sRQAABBBBAIKLASy+95Oa87927N+IxDRs2NB1XrFgxJBFAIBsCBPHZwOJQBBBAAAEEEMhaYMyYMda/f3/77rvvMj24U6dONnLkSMubN2/WJ+UIBBA4RoAgnhsCAQQQQAABBGIisG3bNuvZs6eNGzcuy/Npbrzmv5N9JksqDkAgrABBPDcGAggggAACCORa4Msvv7S6deuadl3NqnTt2tVGjBiR1WH8PwIIZCJAEM/tgQACCCCAAAK5Evjss8+sXr16tmfPnizP061bN3v66aezPI4DEEAgcwGCeO4QBBBAAAEEEMixgNJGanFqZotXdfKCBQu63PD33Xdfjq/FCxFA4H8CBPHcDQgggAACCCCQI4E333zTWrZsmelrS5cu7Ra5KtAvVKhQjq7DixBAIKMAQTx3BQIIIIAAAghkS2D37t02efJk69ixo2kH1kilR48ebuS9ZMmS2To/ByOAQNYCBPFZG3EEAggggAACCJiZss8oo8yECRNsx44dEU3KlCljo0aNsuuuuw43BBCIkwBBfJxgOS0CCCCAAAJBEThw4ICNHz/epY/ctWtXxGYVKFDA7czaqlUrO/HEE4PSfNqBgCcFCOI92S1UCgEEEEAAAe8IaNfV4cOHR6zQcccdZ9q4qUOHDla1alXvVJyaIBBgAYL4AHcuTUMAAQQQQCC3Asr7XqxYMfvjjz8ynKps2bLWrl07e+ihhyxfvny5vRSvRwCBbAgQxGcDi0MRQAABBBBINYGpU6da8+bNj2n28ccfb2PHjrUmTZqYptBQEEAg8QIE8Yk354oIIIAAAgj4RuDjjz+2WrVqHVPfadOmuQCeggACyRMgiE+ePVdGAAEEEEDA8wIjRoywe++995h6jhkzxu666y7P150KIhBkAYL4IPcubUMAAQQQQCCXAjVq1LAVK1Ycc5Y6derYiy++aOXLl8/l2Xk5AgjkVIAgPqdyvA4BBBBAAIEUEKhfv77NnTs3Q0u12PXRRx+1Ll26pIACTUTAewIE8d7rE2qEAAIIIICAZwRmzZrlFrYqV3y40rRpUxs2bJidffbZnqkzFUEgFQQI4lOhl2kjAggggAACuRBYuXKlG3FfsmRJ2LOUKlXKBg0aZLfccksursJLEUAgOwIE8dnR4lgEEEAAAQRSWKBHjx5u1D1S0YZPjz32mMsrT0EAgfgKEMTH15ezI4AAAgggECiB8ePH2z333GO7du0K264KFSqYjrnkkksC1W4ag4DXBAjivdYj1AcBBBBAAAGPC2zdutVat25tCxcuDFvTk08+2Xr37u12cqUggEB8BAji4+PKWRFAAAEEEAi8wHPPPWd33313xHY2btzYdIzmzFMQQCC2AgTxsfXkbAgggAACCKSUwJdffmk333yzrV69Omy7y5Qp40bl27dvn1IuNBaBeAsQxMdbmPMjgAACCCAQcIHffvvN+vbtayNHjrTff/89bGuvv/56e/vttwMuQfMQSJwAQXzirLkSAggggAACgRb4+eefrVmzZvbRRx+FbWfFihVt6NCh1rBhw0A70DgEEiFAEJ8IZa6BAAIIIIBAigjs37/fevbsaaNGjYrY4l69erlUlCeddFKKqNBMBGIvQBAfe1POiAACCCCAQMoLTJw40W0QFSkVZd26dd2ofI0aNVLeCgAEciJAEJ8TNV6DAAIIIIAAAlkK7N2716WinDVrVsRjR48ebW3btmVUPktNDkDgWAGCeO4IBBBAAAEEEIirgBa8PvrooxFH5evVq2fDhw+3ypUrx7UenByBIAkQxAepN2kLAggggAACHhXYuHGjS0X56aefhq3hiSeeaGPGjHGj8hQEEMhagCA+ayOOQAABBBBAAIEYCOzevdsGDx5sTz75ZMSztWzZ0i2KLVKkSAyuyCkQCK4AQXxw+5aWIYAAAggg4EmBefPmWefOne2bb74JWz8F8Jorr3SVFAQQCC9AEM+dgQACCCCAAAIJF9i+fbv169fPbRAVqdx22202aNAgK168eMLrxwUR8LoAQbzXe4j6IYAAAgggEGABpaLs06ePbd68OWwrzz//fHvppZesZs2aAVagaQhkX4AgPvtmvAIBBBBAAAEEYiiwadMm69q1q73zzjsRz9qxY0d7/vnnY3hVToWAvwUI4v3df9QeAQQQQACBwAhoHrx2e1V++XClQoUKNn/+fCtdunRg2kxDEMipAEF8TuV4HQIIIIAAAgjEXGDdunVu0ev7778f8dxDhgyxHj16xPzanBABPwkQxPupt6grAggggAACKSCwf/9+t/nTgAED7Ndffw3b4gsuuMBNvylWrFgKiNBEBDIKEMRzVyCAAAIIIICAJwWWL19urVq1sg0bNoStX4ECBdxOsL169fJk/akUAvEUIIiPpy7nRgABBBBAAIFcCezbt8/69+/vfkUq11xzjWmKTdWqVXN1LV6MgJ8ECOL91FvUFQEEEEAAgRQV+OSTT+ymm26yLVu2hBUoWrSoDRs2zNq0aZOiQjQ71QQI4lOtx2kvAggggAACPhXYs2ePDR061B5//PGILbj88sttxowZVqhQIZ+2kmojEJ0AQXx0ThyFAAIIIIAAAh4RmD17tnXv3t2UySZcKVy4sD3xxBPWqVMnj9SYaiAQewGC+NibckYEEEiAwM6dO9127NrJ8Zdffjnmivny5XMZK/T7tm3b3P+dcMIJlidPHvfnE0880X777TcrWbKknX322XbkyBE7dOiQHT582P1erVo1y58/v/3xxx+mR/RFihSxKlWqmEb4KAgg4B0BTZ2ZMGFCxArVqlXLZbA59dRTvVNpaoJAjAQI4mMEyWkQQCD+AnPmzDGNwGmb9vSBe/yv/t8rFCxY0C677DIrX768XXXVVdaoUaOjXw4SVQeugwAC/xOYO3eutW7d2vTFPlzRF3FNwWnbti1sCARKgCA+UN1JYxAIpoBG2u69917bvn37MQ0sW7asnXXWWUf/TSPqH3/8sRtNT2S5/fbbrU6dOm4Ev3r16om8NNdCAAEz996g6TPPPPNMRI/atWubdoQ977zzMEMgEAIE8YHoRhqBQLAFxo0bZ3fccYf9+eefR0fD9RhdKeciPSb//fffbenSpW6qzPr16930mi+++ML9ee3atfb111+bjolHue2221xAf+utt5rm5lIQQCAxAtrl9cYbb8zwhT/t1R955JFMF8YmpqZcBYHcCxDE596QMyCAQAIENNI2YsQIe/XVV23Tpk3uimeccYb7t5YtW8asBj/88MMxG8v8+OOPLvBXWjtdV7++//77qK9XoUIFN5e+S5cuVqNGjahfx4EIIJAzAb1X9OvXz0aOHBnxBHpyNmXKFL5k54yYV3lEgCDeIx1BNRBAIHqBjz76yF544QUX0GukXRu9jBkzxsqUKRP9SXJxpBbFKmf1Z599ZgryP/30U/vqq68ibg8fupTm5tavX9+aNGlizZo1y0UNeCkCCGQlsGzZMpczPlIGm9NPP92GDx/OXPmsIPl/zwoQxHu2a6gYAghkJbB582br2bOnvfnmmy6LjDaCGThwoGkr9kQXZbZRYL9q1SqbOnWqKYDYsWNHxGoogND83BYtWiS6qlwPgZQSuPPOO+3ll1+O2OZrr73WZbkqVapUSrnQWP8LEMT7vw9pAQIpL6DgefDgwTZt2jQ3Mt++fXtr3ry5G6FPZtm4caOtWbPGVq5c6ebnv/vuu3bw4MFjqqS5/s8995xLe0lBAIH4CCjNpBbHb9iwIeIFNC1v1KhRLqUsBQE/CBDE+6GXqCMCCEQloOktGt1esGCBm7uuRaXt2rVzaSA1Lz2UJz6qk8XhIE3DmTx5so0dO9YWLVrkvnCoNG7c2KZPnx6HK3JKBBAICezbt88taH3qqaciougJmebS33zzzcAh4HkBgnjPdxEVRACBnAh88MEHLp/8rFmz3Lx1TbFRXveOHTvalVde6TZ/SlbRaPyQIUNcQHHgwAFXjQceeMBNBaIggEB8BTTV7e6773ZPxyKV66+/3k2xKV68eHwrw9kRyIUAQXwu8HgpAgj4Q2D16tVudH7x4sUuqFcAf9FFF7kR8IYNG1qhQoXs5JNPTmhjlN5SqfBmzpx59LrKN69RegoCCMRfQDs+64v0/v37w15M7wvDhg1zT/MoCHhRgCDei71CnRBAIG4CSg/5888/u+ks+hDXB3WVKlXcnPT77rvPLrjggrhdO/2Jv/32W7fzayj/vf7/ww8/dDvCUhBAIP4CylzTq1cvmzFjRsSL1atXz7p162Yanacg4CUBgngv9QZ1QQCBhAv89NNPprnqt9xyi9vttWLFijZgwICEpYDUlB9dO1R0fdVDc3MpCCCQGAFtBNepUyeXYSpSYeFrYvqCq0QvQBAfvRVHIoBAwAXmzZvntm7XKL1GyLt27Wqa4lKwYMG4tlyL6LTgVWkqVfT4PrOUeHGtDCdHIIUF9HROG0Xpi324wsLXFL45PNh0gngPdgpVQgCB5ApoDr2m1iglpAL4e+65x+24qh1i41G0WZRy3CvvvUrevHlNXyjq1q0bj8txTgQQyERg7dq1bgH8woULIx6l9LUvvviilS5dGksEkiZAEJ80ei6MAAJeF/jll1/s/vvvt3HjxrmqamMpBffxCOaff/5569y581GSmjVrumk1FAQQSI7A3Llz7aGHHrIVK1ZErIAWxmu36BIlSiSnklw1pQUI4lO6+2k8AghEI6DsFQrgNcVFWWUUYGuDpho1akTz8qiO2bt3r1199dWmUflQ/njt/lq5cuWoXs9BCCAQHwGlflUWm0hTbJTZqm/fvu4LPwWBRAoQxCdSm2shgICvBRTMT5o0ye3qqM2klKZSH96XXnppTNo1YsQIN/IXSnmnx/XaMp6CAALJFdAUGwXpWi+jL9zhSvXq1d17g77kUxBIhABBfCKUuQYCCAROYPny5fbMM8/Y+PHjXdvatGnjdoLM6WN1ZcmpUKGC/frrr0et3nrrLbvhhhsCZ0eDEPCrgNbLaKMobSYXqWhhuhbIFi1a1K/NpN4+ESCI90lHUU0EEPCmgIJvBfMagfvLX/7iPuAvv/xyq127drYqrBH3tBlpypQpYxr9U/56CgIIeEtAu7kqv/yOHTvCVuzUU0+1Rx991K2hoSAQLwGC+HjJcl4EEEgpAT1i1wLYd955x2bPnm1XXXWV1a9fP6p5sgoESpYsaQcOHHBmxx13nE2ZMsWaNGmSUoY0FgE/CejnVk/iNA1O0+vClXPPPdeGDx/u3gsoCMRagCA+1qKcDwEEUl5AC1IVhGt6jea3//3vfzelpFPKyHCP2JUnXnPtQyVPnjymzDhs+JTytxIAPhDQLtChn/etW7eGrbF+/ocOHep2h6YgECsBgvhYSXIeBJIocPDgQXvhhRfs3//+t73++uv23Xff2fHHH2/Nmzd3+cc1tYOAMDkdNHXqVPcBr51ZlZryuuuucztDXnjhhTZhwgQ3lz59OeWUU2zPnj3JqTBXRQCBHAnoZ1ZTaDS9LlLRtDllutGTNwoCuRUgiM+tIK9HIIkCS5cutTlz5ri51Fu2bMm0JsWLF3dBvbKfnHnmmUmsdWpeWiPymmYzevRoe++99yxfvnz2xx9/hMWoVq2aaRt4CgII+E/gm2++cdPoZsyYEbHySln7wAMPWOHChf3XQGrsGQGCeM90BRVBIHOBDRs2uBHdZcuWuZ1ENQc7lE88O3YFChSwYcOGWfv27bPzMo6NgYAWwT722GMukI9UlHN68uTJ1qBBgxhckVMggECyBJTBRgtbI20WpSdu3bt3d8doISwFgewKEMRnV4zjEUiQwM6dO23atGluesznn3/u5khnVipVquSmzmgDIgXqGsnViK8C/j///DPDSwsVKuTOr3nalPgLaHMofXmKtAAuVANluGncuLFb1HrjjTfGv2JcAQEE4iqg9/A+ffrYxo0bw17nsssus3/84x9Wp06duNaDkwdPgCA+eH1Ki3wssGvXLhs8eLA9//zzpiA+q6LMB8otrpGcWrVq2QknnJDhJRr91cLJhQsXhg3mlQ5R87aLFCmS1eX4/xwIfPLJJ9a7d29bsGBBxFerD5SaUvPlNTVKj+Hnz5/vjm/RooV17NjRZbuhIICAfwXGjBljTzzxhP3www9hG6EBFQX79erV828jqXlCBQjiE8rNxRAILzBr1iwXvCmYzqxoYaR2B23atKn7/eyzz46adP369W5BlbKgpB+Z16i8RooV7FNiI7Bv3z7r1q2bW7waabt2XUnunTt3znBRbfr0yiuvuKcl8+bNc/+v82kuLYviYtNHnAWBZAgoW5XyzEcq+hnXwIze7ykIZCZAEM/9gUASBZRj+LXXXnO5xSMVbfqjkZkOHTrYRRddlOvaLlmyxI36hls4OXbsWLv99ttzfY1UP8GLL77oFhBnNgVKo+s65qyzzsqSS4uW586d677oaWRfj9015Ub3RdWqVbN8PQcggIC3BLT4dcCAAab33EhFmWz0XkJBIJIAQTz3BgJJEFBGGU2xiLTgSYsbb7nlFvdL8yWVNzyW5dChQ26EV4Fk2mk72h30448/tr/97W+xvFzKnGvlypXuC9LixYsjtrly5cpuYauepOSkKH2oPtj14a+UogrkFQwoZSUFAQT8JbB582YbNGiQSxEcriiTmDLdtGvXzgoWLOivxlHbuAsQxMedmAsg8D8BbQqiNI+fffZZBhYF6hUrVnRTK7SgMRGPUrXQqlGjRrZ27dqjmW7+7//+zz766CO6LRsC27Zts2effdbt3Kh1DeGKviDpw1hzYmNVtHD51VdfddNuypUr56ZDaXEzG8rESpjzIJAYAT1p69evnxtECVe05knvH5pKSUEgJEAQz72AQAIEtm/f7hYsRUotqNEW7e7ZrFmzsItT41lFbR2uRZNpp9coOGRxVXTqyjzx5JNP2ldffRXxBQ0bNnT9qwxC8SpKS6m6aF2Fpl0plaUWylIQQMA/Ah9++KHde++9EZ/S1qxZ0w0YXHDBBf5pFDWNmwBBfNxoOTECZtqCW8GUpj9ESvOoRUx601ZayGQV7TDYq1cv086vKpqaoREhbUhECS+geeq33XabKRd0pFKsWDH75z//aTfccEPCGPVUQGstRo0a5abbKJDXl0PNo2eTr4R1AxdCIMcCv//+u1sQ//TTT9vq1avDnkdP3TR4kJ3kBjmuEC/0rABBvGe7hor5WUDBsBYeau57uJI/f36XKUZTZ7ThR7KLdg694oorjpnLrTnzylVOySjQv39/92QlUjnppJPcHFZlnklm0RexoUOHmrIfKTD461//6h7Ha0oXC2KT2TNcG4GsBfbs2WPjxo1znxWRFsk/8sgjbh2OBgwoqSdAEJ96fU6L4yygXMAPPvhgxDzvCv569Ohhp512Wpxrkr3Ta3GV6h0qypry9ddfmzYfovxXQMGwtkqPNDqmYzTiPXLkSM8Fydr066233rKZM2ea1mZo/YV2hW3Tpg2LYrnBEfC4gIJ1va/s3r07Q03Lly/vPlNatWplShdMSR0BgvjU6WtaGmcBjVxr6syXX36Z4Up6Y9Wou3L/Fi5cOM41ydnpNdJz8cUX27fffnv0BArsNc0m1cvPP//sFo2+//77ESk0Evboo49aly5dPM+lxbfTp093GYoU3GvalDIS6elB7dq1TUEBBQEEvCWgTGJ6CqiF7P/5z38yVE4/w9r59frrr/dWxalN3AQI4uNGy4lTRUDzjjVFIVzGGRloYw/NXfTD407NjVfgrrn8Kpqnr7nfp59+eqp0Z4Z2asFo9+7d7ccff4xooKcrShnq16cWWhC7aNEi04Jm5a8+55xz3KieFtFpN9lTTz01ZfufhiPgNQF95vTt29feeOMN05Sb9EVPA7WZlH6OKcEWIIgPdv/SujgLaORdObpDC0LTXk7TZbTTZo0aNeJci9idXvOmixYtatotNFQi7Sgau6t680xr1qxxo+qZLVzVdBTdA3qCEZSyfPly+/zzz12mG82p379/v1155ZV2ySWXuCxG+kVBAIHkCyhFsIJ5TZNL+54dqpkW3itpQvXq1ZNfWWoQFwGC+LiwctJUEGjdurXbbTV9Ub53zTMePny4L0ewlVpy/vz5R5ulD4J//etfqdClro2//fabe3KiX5GKnlCof/WUJchF82+1Z4DS3mmkXrv9qih7kRY9Kyc9U2+CfAfQNj8I6GdUmWy087e+dKctRYoUsWuuucZlu6EET4AgPnh9SosSIKA3TM1vT18qVKjgUgrqcaZfi0aelakmVJTbXKPSqVA0qqVMEJkVBe46pkSJEqlAkqGNSpeqKTd6yqQR+3PPPde0CFqj9cp+o+k3Xsi4lJKdQ6NTWiC0zkVz5sMV7QCuJ8elS5dOaacgNZ4gPki9SVsSIqDFRcrNm34uojbf0IiI0kf6uWhqkEaalXYyVLQhlNey6cTSWNNG7rjjDrdzbaRy2WWX2bBhw9xGSpT/CmgxtBbGKluP7n0t6tZIYMmSJd3PiIJ6zcvVz4Z2AqYggED8BTTNRgtcwz1B1fv4ww8/HHYQKv414wqxFiCIj7Uo5wu8gNIwavFnqGj6jBY+KmvACSecEIj2ax7/ihUrjrZFgdrVV18diLalbYSCTqVt0+hypFK8eHHX35pWRMlaQAu8169f79KTKrDXn7UQL1S0fkCbTimo14JpfSk644wz3FoMCgIIxE5AwXzXrl1t9uzZGU6qYP7ll19mL5DYcSflTATxSWHnon4VUPrFcuXKHVN9jTJqakGQ8vN26tTJXnjhhaPtVOrEfv36+bXbwtZbo1GZzXtXKlCllVS7g/wUIlGdunDhQrdrsZ56bN++3bSAVhl/NDVHRdmbZK4OtDlNAAAVh0lEQVRFeMryo99r1arl/qyfLT9kd0qUJddBIDsC+jJ96623moL69EXT4UaMGOHmzVP8J0AQ778+o8ZJFNAboba0DxWNwj/77LMuB3yQih7DKmd4qCjv8Ntvvx2IJiqbzFNPPeUWsEYqd911lxt9J3hPTJd/9913bn+CH374wTZs2OA2Slu5cqWbnqM/q5QqVcpNz1Ewr0w5J554omlnXI3sK9DXaD4FAQQiCyiFrJ4ah9usTk/EFMwrrSzFPwIE8f7pK2qaZAFl6NDivdBccS3eU4aO0aNHu2AiSEVTIDRCEyoKZrXh0fHHH+/LZipg1066zz//vK1bty7T4L19+/bsYOqxXg4F9RpJ1G6zoUBf61IWL17sfv40Wq9daDVVR1+uL730Uvdv1apVc18AChYs6LFWUR0EkiOgARmtAdq2bVuGCnTo0MENYLA3RHL6JrtXJYjPrhjHp6yAgjtlngkVzefVm2FQF+wp8Em7wdFXX31lVapU8V3/K4ey5oUq+AtXNKKrJyzasElZVij+E9i7d6+bnqO595qes2rVKrejpb54h4qyCSm4D21epd0t8+bN60YeNR8/VbMN+a+3qXEsBDSwMWnSJLfLdNo1Kzq3PtsU5D/wwAOmFJUU7woQxHu3b6iZxwSUnmvixInH1EpBgrKWBLE0b97cpk6derRpGsXu2LGjb5o6btw4l50hs82alC5SC5JZVOmbbs1RRUPBvVJiKrj/5JNP3HnSTtcJzbnXl/LjjjvOFOQry46m7mjBukb5KQgETUCbROlz7f777zd9GU5b9DOh98c777wzaM0OTHsI4gPTlTQk3gIK2OvWresW54WK5lcrt3gQyzPPPGPdunU72rS2bdtapPzDXmq/6tirVy83/SdS0S6GGoHSiBMltQW0S3EoqFdmHc3L13x8TZsLbW4lIc27VzCvja6URlYLbzVF5/zzz3ejlQr2KQj4VUBT07Q7t36lH5nXuhOt/SK9rvd6lyDee31CjTwsoB1atVNrqFSuXNlatmzp0g8qL3aQikYtlXknVLRwcOvWrZ5t4quvvmr6UhUuA4MqrYDroYcesrvvvttOPvlkz7aDinlLIDQP/6effnL7CCjY0c+G8uEr6E9fNIKvEUy9NyjbjtaRKMuOpmoxXctbfUttMgroPtf7qNZ6pS966qyMXrVr14bOIwIE8R7pCKrhHwEt/NEiyfTl9ttvN+3Y2rt3b/80JpOaHjlyxJQjPe3iJy14VRu9VF566SW3scnmzZvDVqtq1apuc5MbbrjBZTShIBBLgWXLlpmmJKT9XdMSPv30U9Mof/qiuffnnXeem7Kj4F7z8q+77jr397RfmmNZR86FQHYF9IVV6XU1cBWuaNG4spYpDa/uX0pyBAjik+POVX0soDnWo0aNsjfeeCNsKzR3VqMYmnrj99KgQQObM2fO0WZotFtrA7xQhgwZYoMHD3ZznNMXjbRr+o9SRWraAwWBZAnoS7BS+oXSaK5Zs8bds2nn44fqpp2S9+3b53J264uBsmEdOHDABfuayqNR/Xr16iWrKVw3BQU2bdrkEgO88847mba+cePG1rNnT5cVipI4AYL4xFlzpYAJKBuGstNMnz7dvvjiiwyt0yNJjawpoPRrQK986spQECrK0BPuMWuiulajmwMHDrRp06aFvaQe82q6TKNGjRh1T1SncJ1cCShI2rJli4WC+9Ai3N27d4d9XwldTIH9oUOH7KqrrnKBftmyZe2cc84xPUHTCCkFgVgKvP766y4DlIL5cHnmQ9fS2hE9le7SpYtbL0KJrwBBfHx9OXsKCOzatctlQLnnnntcwK7t5sMVzZHVh6syvOgD1w9FQXPaBXtqg9L3JbpMnjzZLSDWI970RVN+9OVCI0FMR0h0z3C9RAiEMixpcf3hw4dNO3AePHjQzcnX3PxIRdl1tHhbe1pocaIW64YW52uaWaVKlRJRfa4RMAGlcdVAigawtANzpKLUvVovpk3aSFUZn5uAID4+rpw1hQV27Nhh8+fPd29uejQebv68HpPrDU6Bp+YWerVopE8LQkNzezV/V7njQ+n44llvTTl488037YUXXjDlqE9fNBLZqVMnUyrMoG22FU9Xzh08AQXzeq9RRqbQIII2wVKgnzZXfqSWlytXzk3V0eJ8bfKmn3dl4QktANecZzb/Cd59E4sWaadlBfOzZ8827QgbqejJdP369cniFAv0NOcgiI8xKKdDIJKA5tA//vjjGUaytetr06ZN3YJRL24cpacHaedDzpo1K64LmTR3WFaatqOdOdMWPZ7VqLvm5TOyw88aAtELhBbeatMzZdzRZj960qbpN/rCHOkJYvoraARfXw40+KAv0noSoF1ytRFcaFqPRv0pqSeg9Kzan2PmzJm2dOnSsACaM68BLP0i0UDu7xGC+NwbcgYEsiWgObAKUqdMmZIhRZ2m2WhkWR+UepPzQtEXj7S58AcMGGAPPvhgzKum3NzDhg3LkIteqS1btGhh2pipWrVqMb8uJ0QAgf8JhKbsaE7+ihUr3PQdBWQK3EOBf3a8lFtcgb6m9miRuZ7uaQGv1q/o3/UE4IorruBpWnZQfXCs0rDqSaqC+rQ7f6etuvYh0fu6pmlSciZAEJ8zN16FQEwEFNC/++67pjSJGilLX/R4W6NdGr248cYbkzL6vGDBApclI1T0JUNvzrEoemw/aNAgt6hPI/yaEqCiEZprr73WfZFp1qxZLC7FORBAIIYCWgsUWtCvIE3pZ1VCI/2hP+s9LjtF2b2UXz+0aDdPnjzuaYGm9WkRr9J36v0hqDtlZ8fKD8fqPV0JIF5++WX3WReuaDqX5s7rqS/rmrLXqwTx2fPiaATiJqA3O6VznDBhgnvMnX7XvNCF9QGn+apalKZUdEoDGc+yffv2Y748aJGSRs1zU/RBrFEYfUHQnEoVfUgrl7sCd31pUZYDCgIIBENAG8WtW7fONSY0yq8/a7GtdszV73pf0AhuNEWLdXW8iqb2XH755e68Kprao3U7WsNz2mmnmTbg0k7bCv7ZdTQa3fgcoyc7yjuvX8rIFK7os01PZjRwpDn0lMwFCOK5QxDwqIAea2tx2sKFC23RokXuUXZmRVlaNBdVH1iaWx/L4F7z9UPz05WvOtwmNtEwzps3zy1U1VSiUKlZs6abrsMbdjSCHINA6ggopWEoUNfv+rtK2vn8mu6j98mcFA0c6D1Twb4GDRTg688K+DWNT2tw9CRAXwjKlCmTk0vwmjACGrAaP368WxCrz7esPk/0eaYN0kqVKuV+b9iwIQut/78rQTw/Ygj4REABsH5p1EpTb0JTTzKrvkae9OGjDyc9slS6SKWYy+4otxbe6g03VLQ1t740RFP0eF0jLzNmzDj6YavH4hpxV9YLFqhGo8gxCCAQjYA20VKGMBX9rr+HSmhxr/6uzbRCXwqiOa/eMzWtRzvr6klhvnz5XMCvdUyhAD9//vxumo++BOj/NPgRzXut3stDO/zqGvpioi8tGjDR/+m8e/bscesH9LvqoC8yWmegLxt6Teh1urZer7/rz/pdgW8icrYri5g2N9MXH/mEjFVf/ZuCdY3Ga6qUfPRvyjmvBbGqs+qbnSJbnUfnU4Yy/dK19Lmndquf9HSmZcuWLs2q1mLIUq/TYJde6/dCEO/3HqT+KSugNz69aeqDSW+cenPUn7Ma1RCY5p3qjb1GjRrusaUeRWdWevfubVrQGiq6lt4EMytaDDd27FiXZUYfPvryoN0mNYqSiA+UlL0xaDgCCGRbIO1c/rSpOhWIpl2vpAW+meVGT3/hUGpOBZWaMqTAVSXtIIxy+Ye+eGS74rwgRwIK6PUlTilV/VwI4v3ce9QdgTACoQ8jpY3TlBwF+hrt+OWXXyJ66bGyRio6d+7sRjM01z5txgDluu/QocPR1+uJgEbT0xd9+E2cONEtYNL8fj2G1kJYzX/XFwcKAgggECSBtCP/6QN+LfbVol8F8FoErFF0incElFShV69e3qlQDmpCEJ8DNF6CgB8FFNQrC4wWFCmo1+iSPlgijQDpsaRGkerUqWObN28+Zgv4Hj16uNF0jbDrMbAeWWrevs6tDyx9CdBGTI0aNQrEI0s/9jd1RgABfwlommK4Xak1zWTJkiVuykmohL4ghP6uPP96j/dj0eeIprZE8xQ5lu17+umn3QCTnwtBvJ97j7ojEAMBTXvR1Jy33nrLBet6xJjZVu6RLqlUmG3btnXz3M8666wY1IxTIIAAAgjkREBZv7RxXtogX09KQyU0qJP+3BqQCaUOzey6moqpp7fhStp1AqH/1/QVpY/U4JCK9gwItwuwnhivWrXqmNMqqYI+o9KXtIudM6urzqcsa2mLrj937lwrWrRoTng98xqCeM90BRVBwDsCCuw1f1MLhvRmrznwAwcOPFpBbb6k6TZ6E9aboebHK80bBQEEEEAAAS8L6EtB+fLlvVzFqOtGEB81FQcikLoCCuiVKSGUPUDZZm666abUBaHlCCCAAAIIJFmAID7JHcDlEfCLgFJBhh5JTps2zZo0aeKXqlNPBBBAAAEEAidAEB+4LqVBCMRHQHnmQ7urzpw506WKpCCAAAIIIIBAcgQI4pPjzlUR8J2AstEoA4LK7Nmz2WHVdz1IhRFAAAEEgiRAEB+k3qQtCMRRQItXV65c6a7w/vvv2xVXXBHHq3FqBBBAAAEEEMhMgCCe+wMBBKISUL545YJXiWbH1qhOykEIIIAAAgggkCMBgvgcsfEiBFJPQCPvH3zwgWu4NhqpUKFC6iHQYgQQQAABBDwiQBDvkY6gGgh4XUALWWfNmuWquXPnTvLCe73DqB8CCCCAQKAFCOID3b00DoHYCSilpHZ1VTlw4IDlz58/difnTAgggAACCCCQLQGC+GxxcTACqSvQtGlTmz59up1++ukZtrBOXRVajgACCCCAQHIECOKT485VEfCdQGg6zZlnnmnff/+97+pPhRFAAAEEEAiSAEF8kHqTtiAQR4HQdBotcFWKSQoCCCCAAAIIJE+AID559lwZAV8JVKpUydauXWvauXXjxo2+qjuVRQABBBBAIGgCBPFB61Hag0CcBOrVq2fz58+3Nm3a2Pjx4+N0FU6LAAIIIIAAAtEIEMRHo8QxCCBgFStWtG+++cbuv/9+Gzx4MCIIIIAAAgggkEQBgvgk4nNpBPwkULJkSdu6dasL4BXIUxBAAAEEEEAgeQIE8cmz58oI+Ebg0KFDdtJJJ9nhw4ft5Zdftnbt2vmm7lQUAQQQQACBIAoQxAexV2kTAjEW2LFjhxUuXNiddcqUKdasWbMYX4HTIYAAAggggEB2BAjis6PFsQikqMBPP/1kJUqUcK1fsGCB1a1bN0UlaDYCCCCAAALeECCI90Y/UAsEPC2wYsUKq1GjhqvjkiVLrFatWp6uL5VDAAEEEEAg6AIE8UHvYdqHQAwEli9fbhdeeKE706pVq6xy5coxOCunQAABBBBAAIGcChDE51SO1yGQQgIffPCBaadWlfXr11uFChVSqPU0FQEEEEAAAe8JEMR7r0+oEQKeE1i4cOHRefDatfXcc8/1XB2pEAIIIIAAAqkkQBCfSr1NWxHIoUDaIH7jxo1Wrly5HJ6JlyGAAAIIIIBALAQI4mOhyDkQCLgAI/EB72CahwACCCDgOwGCeN91GRVGIPEC8+bNs6uvvtpdmDnxiffniggggAACCKQXIIjnnkAAgSwF0gbx69ats4oVK2b5Gg5AAAEEEEAAgfgJEMTHz5YzIxAYgXfffdeuvfZa157Vq1fb+eefH5i20RAEEEAAAQT8KEAQ78deo84IJFhgxowZ1rhxY3fVTZs2WdmyZRNcAy6HAAIIIIAAAmkFCOK5HxBAIEuB1157zVq3bu2O+/HHH61EiRJZvoYDEEAAAQQQQCB+AgTx8bPlzAgERmDUqFHWpUsX155ff/3VChQoEJi20RAEEEAAAQT8KEAQ78deo84IJFjgySeftIcfftjy5ctnBw8etDx58iS4BlwOAQQQQAABBNIKEMRzPyCAQJYCGoXXaLym0Wg6DQUBBBBAAAEEkitAEJ9cf66OgC8EGjRoYHPmzLHq1avb559/7os6U0kEEEAAAQSCLEAQH+TepW0IxEigSpUqLrWkFrdOnDgxRmflNAgggAACCCCQUwGC+JzK8ToEUkRAc+ALFixoBw4csB49etiQIUNSpOU0EwEEEEAAAe8KEMR7t2+oGQKeEFi7dq1VqlTJ1WXSpEnWqlUrT9SLSiCAAAIIIJDKAgTxqdz7tB2BKASmT59uTZs2dUcuXbrULr744ihexSEIIIAAAgggEE8Bgvh46nJuBAIg0KdPH+vfv7/lzZvXdu7caaecckoAWkUTEEAAAQQQ8LcAQby/+4/aIxB3gccff9z69u3rptSsWbMm7tfjAggggAACCCCQtQBBfNZGHIFASgtoYavmwterV89KlSqV0hY0HgEEEEAAAa8IEMR7pSeoBwIIIIAAAggggAACUQoQxEcJxWEIIIAAAggggAACCHhFgCDeKz1BPRBAAAEEEEAAAQQQiFKAID5KKA5DAAEEEEAAAQQQQMArAgTxXukJ6oEAAggggAACCCCAQJQCBPFRQnEYAggggAACCCCAAAJeESCI90pPUA8EEEAAAQQQQAABBKIUIIiPEorDEEAAAQQQQAABBBDwigBBvFd6gnoggAACCCCAAAIIIBClAEF8lFAchgACCCCAAAIIIICAVwQI4r3SE9QDAQQQQAABBBBAAIEoBQjio4TiMAQQQAABBBBAAAEEvCJAEO+VnqAeCCCAAAIIIIAAAghEKUAQHyUUhyGAAAIIIIAAAggg4BUBgniv9AT1QAABBBBAAAEEEEAgSgGC+CihOAwBBBBAAAEEEEAAAa8IEMR7pSeoBwIIIIAAAggggAACUQoQxEcJxWEIIIAAAggggAACCHhFgCDeKz1BPRBAAAEEEEAAAQQQiFKAID5KKA5DAAEEEEAAAQQQQMArAgTxXukJ6oEAAggggAACCCCAQJQCBPFRQnEYAggggAACCCCAAAJeESCI90pPUA8EEEAAAQQQQAABBKIUIIiPEorDEEAAAQQQQAABBBDwigBBvFd6gnoggAACCCCAAAIIIBClAEF8lFAchgACCCCAAAIIIICAVwQI4r3SE9QDAQQQQAABBBBAAIEoBQjio4TiMAQQQAABBBBAAAEEvCJAEO+VnqAeCCCAAAIIIIAAAghEKUAQHyUUhyGAAAIIIIAAAggg4BUBgniv9AT1QAABBBBAAAEEEEAgSgGC+CihOAwBBBBAAAEEEEAAAa8IEMR7pSeoBwIIIIAAAggggAACUQr8P4PJOif5qoOPAAAAAElFTkSuQmCC', '2025-05-22 01:05:54'),
(2, 48, 29, 'data:image/png;base64,iVBORw0KGgoAAAANSUhEUgAAAvEAAAD9CAYAAAA1ZSizAAAAAXNSR0IArs4c6QAAIABJREFUeF7t3QncjdX3//8ljSKUSChDUUmZMkQRRYZQZChFZZaoNCrSTIYG8TGUFA1KpMmUIjQYMs9kKDIUSmnu/3iv7+/cf+me7/sM1zmv/Xh4KM65rr2f+2Cdfa29do5//vnnH6MhgAACCCCAAAIIIIBAYARyEMQHZq7oKAIIIIAAAggggAACLkAQzwcBAQQQQAABBBBAAIGACRDEB2zC6C4CCCCAAAIIIIAAAgTxfAYQQAABBBBAAAEEEAiYAEF8wCaM7iKAAAIIIIAAAgggQBDPZwABBBBAAAEEEEAAgYAJEMQHbMLoLgIIIIAAAggggAACBPF8BhBAAAEEEEAAAQQQCJgAQXzAJozuIoAAAggggAACCCBAEM9nAAEEEEAAAQQQQACBgAkQxAdswuguAggggAACCCCAAAIE8XwGEEAAAQQQQAABBBAImABBfMAmjO4igAACCCCAAAIIIEAQz2cAAQQQQAABBBBAAIGACRDEB2zC6C4CCCCAAAIIIIAAAgTxfAYQQAABBBBAAAEEEAiYAEF8wCaM7iKAAAIIIIAAAgggQBDPZwABBBBAAAEEEEAAgYAJEMQHbMLoLgIIIIAAAggggAACBPF8BhBAAAEEEEAAAQQQCJgAQXzAJozuIoAAAggggAACCCBAEM9nAAEEEEAAAQQQQACBgAkQxAdswuguAggggAACCCCAAAIE8XwGEEAAAQQQQAABBBAImABBfMAmjO4igAACCCCAAAIIIEAQz2cAAQQQQAABBBBAAIGACRDEB2zC6C4CCCCAAAIIIIAAAgTxfAYQQAABBBBAAAEEEAiYAEF8wCaM7iKAAAIIIIAAAgggQBDPZwABBBBAAAEEEEAAgYAJEMQHbMLoLgIIIIAAAggggAACBPF8BhBAAAEEEEAAAQQQCJgAQXzAJozuIoAAAggggAACCCBAEM9nAAEEEEAAAQQQQACBgAkQxAdswuguAggggAACCCCAAAIE8XwGEEAAAQQQQAABBBAImABBfMAmjO4igAACCCCAAAIIIEAQz2cAAQQQQAABBBBAAIGACRDEB2zC6C4CCCCAAAIIIIAAAgTxfAYQQAABBBBAAAEEEAiYAEF8wCaM7iKAAAIIIIAAAgggQBDPZwABBBBAAAEEEEAAgYAJEMQHbMLoLgIIIIAAAggggAACBPF8BhBAAAEEEEAAAQQQCJgAQXzAJozuIoAAAggggAACCCBAEM9nAAEEEEAAAQQQQACBgAkQxAdswuguAggggAACCCCAAAIE8XwGEEAAAQQQQAABBBAImABBfMAmjO4igAACCCCAAAIIIEAQz2cAAQQQQAABBBBAAIGACRDEB2zC6C4CCCCAAAIIIIAAAgTxfAYQQAABBBBAAAEEEAiYAEF8wCaM7iKAAAIIIIAAAgggQBDPZwABBBBAAAEEEEAAgYAJEMQHbMLoLgIIIIAAAggggAACBPF8BhBAAAEEEEAAAQQQCJgAQXzAJozuIoAAAggggAACCCBAEM9nAAEEEEAAAQQQQACBgAkQxAdswuguAggggAACCCCAAAIE8XwGEEAAAQQQQAABBBAImABBfMAmjO4igAACCCCAAAIIIEAQz2cAAQQQQAABBBBAAIGACRDEB2zC6C4CCCCAAAIIIIAAAgTxfAYQQAABBBBAAAEEEAiYAEF8wCaM7iKAAAIIIIAAAgggQBDPZwABBBBAAAEEEEAAgYAJEMQHbMLoLgIIIIAAAggggAACBPF8BhBAAAEEEEAAAQQQCJgAQXzAJozuIoAAAgggEAmBb775xr7++mvbuHGjbdq0yfLly2ezZs2yQ4cO2VFHHWX79u2zZcuW/acrJ5xwguXIkcP++ecf//nCCy+0U045xd9z9NFHW548eeyiiy6yv//+23LmzGnVq1f3Xz/77LPt+OOPj8TQuAcCcSFAEB8X08ggEEAAAQQQyJzAl19+ad99952tWrXKZsyYYX/++afNmzfPcuXKZb/88osH16effrpfvGrVqqYgXe2YY47xAFzBeWpt8eLF9tNPPyW9ZO/evbZy5cqk/1+4cKHfRwH8ySefbL///ruVKVPGSpYsaTVq1PAA/9RTT7XzzjvPzjrrrMwNknchEIcCBPFxOKkMCQEEEEAAgSMFfv75Z/vqq688QJ89e7avrm/evNlfVrhwYQ+SL774YsubN69VqlTJA/fSpUtHDHL9+vW2Y8cOv9+2bdu8bwrw1e/9+/f7qn/u3Lk90NdKvlbx69at618mtOqvH/oCoi8VegJQrVo1O+644/xLgV6jLwP6sqDf11hpCARdgCA+6DNI/xFAAAEEEDhCQAHx1q1bbcGCBfbZZ595Wox+Ta1cuXJWu3ZtX+kuX768B8QnnnhiIAxDwf2WLVu8v++8846n9STXli9fnuLv6cuAvgToqYK+JBx77LH222+/edCvn+WhLwH671DTlwR9Afjrr7/stNNO8ycUoS8P+lm/XqxYMStbtqy/L5ROdMEFF3g6EQ2B7BYgiM9uUa6HAAIIIIBABAUUoGvFWikqCtj1Q4GpWq1atTwlRSvtNWvW9KCdZkkr/ClZHJnyc+Tr1qxZY7t27frP23fv3m36vcObvhCE5kP/raccoacFSk/SrxUsWNDOPfdcf2KgLw80BNIjQBCfHiVegwACCCCAQJQF1q5da0uWLDFtOFWgvmjRIjt48KCnmpxxxhmmFd8qVap4nrqCQ20gpUVfQE8EfvjhB+/I9u3bPY1JTWk+mket2Gvz8LfffvuvzmpDsL585c+f35+W6L+1V0ApTkF5chJ9/fjuAUF8fM8vo0MAAQQQCJCAVoAPHDjgwZ02mypQVy64Vn2VNqJUjVKlSlmFChWS0mC0skvAHqBJTqOr8+fPtz/++MNWrFhhe/bs8ZQo5fprj4C+BKiddNJJ/llQWo82+yo1SnsF9LlQmg8tMQQI4hNjnhklAggggECMCSgN5qOPPvKNpgrWtGKrVXY1pcBoY6k2YCoFpkiRIh600xDQExl9wQul9Ghlf8OGDfbFF184joL5QoUK+edGm3m1WVnVfRT0n3nmmUnVhZAMvgBBfPDnkBEggAACCARAQKkv06dP98owCt618bRJkyaeC60NkVph16ZTNkEGYDJjuIuff/65p+ZoJV/7JPR0Rzn5eqqjjbz6fOkLof571KhRNmXKFA/4Vf9fwb7q95coUSKGR0jXQgIE8XwWEEAAAQQQCKPA+++/b08++aSvuKu1aNHCmjdvbg0aNPByjjQEIiUQyslXDr7SdB588EHr1KmT1a9f34N8pfLoaVBoM+7LL79sN9xwQ6S6x30yKEAQn0EwXo4AAggggEBqAlrRfPvtt23q1Kn2wQcf+OZTpTcMGDDAGjZs6KudNARiVUClMhXgt2rVyi699FJ7/fXXY7WrCd8vgviE/wgAgAACCCCQVQFVHxk+fLgH7ir3qKa0hS5dulijRo28YgwNgSAJaIOs9m3079/f+vTpE6SuJ0xfCeITZqoZKAIIIIBAdgooNWHQoEG+2q70hFBr3LixtW7d2q6//vrsvB3XQiCiAo8++qin26j16tXLhg4dGtH7R/Jm2jfQrl07+/LLL+2aa66xkSNHRvL2mb4XQXym6XgjAggggECiCaj0o4IZlQCcOXNm0iE+2hioIKBjx47U8E60D0UcjleVb/RFVBWT1G6//XYbMmRIHI7U/M+x/uzu3LkzaXyvvvqqtWnTJubHSxAf81NEBxFAAAEEoimgOu0vvPCCTZ48OakEpPqjw3e0SbV79+5+CA8NgXgQeOutt3yzq84lUNNejrvvvjsehvavMaxatcoef/xxU8B+ZBs3bpzdeOONMT9mgviYnyI6iAACCCAQSQFtRH3zzTe9/J7K9R3e8uXL5xv+tEpZu3btSHaLeyEQdgFVUbrvvvv8PjpQSvnwSqWJp/brr7/6k4XXXnvND1Y7stWqVcs++eSTQAyZID4Q00QnEUAAAQTCKaANfM8//7zNmTPHS+0d3goUKOAr7tqgqnx3GgLxJrBt2zbfwxEqg1qwYEH7+OOP/bCxeGqjR4/2Tbo6XO3IpspR/fr1sypVqgRmyATxgZkqOooAAgggkF0C+kdcG1J18JJqYSfXLrnkErvpppv8Bw2BeBXQaa8tW7a0pUuX+hB1WvA777wTV4eOjR8/3jfpbtmy5T/TWLx4cU8X6tq1a+CmmCA+cFNGhxFAAAEEMiOgo+pffPFFr4GtA5iSa1p5bNasmbVv395UYo+GQDwLaK+H0mdCK9PavKpUk3hpSotR3rs2rx7ZlBrXrVs3e+CBB/z02iA2gvggzhp9RgABBBBIl4A252kF7t133zWlDCTXzjnnHA/ab7nlFlPqDA2BeBfQuQZ9+/b1FDI1ndCqJ1IqrxgPTXtZlDajJ23JNT1du+OOO+z8888P9HAJ4gM9fXQeAQQQQOBIgblz59pHH31kY8eO9RVGbWQ7spUtW9aaNm3qR8oriKchkCgC+vNQuXJlU3UWtdKlS9uECRP814LetLdFwfmUKVOSHUrz5s2tR48eps2r8dAI4uNhFhkDAgggkMACSpOZNm2affHFFylWnBCPVt10cmrPnj1NQTwNgUQTWLdunaeLrV271oeuzaxPP/104J9ALV682FNjdFhTcq1UqVL2zDPP+Ob0eGoE8fE0m4wFAQQQSBCBb775xlMBlN+ulfeUmsrk3XzzzV4SsmrVqgmiwzAR+K+AUsqaNGniv5E7d25TOUmdcRDkppz3W2+9NempwpFj0R4X5bwH4eCmzMwDQXxm1HgPAggggEDEBbTa9vrrr/vhLDt27Ejx/sprVw13pcqowkz+/Pkj3lduiEAsCajWu1aiQy0oJ5KmZPj222/bbbfdZt9++22yLylWrJjde++9fhKr8v3jtRHEx+vMMi4EEEAgDgQmTZrkpSB1+NJPP/2U6oi02qaNeQ0aNIjrf7jjYFoZQoQEvv/+e0+fCdV/P+OMM/zPUpBqoYeoDh065F9EVG0mtb8LVF1Hh1TlyZMnQsrRuw1BfPTsuTMCCCCAQDICr7zyii1fvtwGDRqUps+1116bdBBTPK+4pQnBCxA4QkBPrhTAK/VM7dJLL/X67yqtGKT2yy+/2MiRIz39Z/fu3Sl2/eGHH/bV+bx58wZpeFnqK0F8lvh4MwIIIIBAdggov33hwoU2ffp000bV1FrNmjX9ACZVmkikf7Czw5lrJIaA0k305yPUlFryxBNPBGrwCtiHDx9uw4YNMz1RSK7lypXLOnbs6JtaVWUn0RpBfKLNOONFAAEEYkRAm9JGjRplM2bMSPEf6VBXVf5OJSHbtm1rOmGRhgAC/xXYuXOnr1g/++yz/ps6xEgHnGljd1CaUn/094KeyKXWtOdFqTVFixYNytCyvZ8E8dlOygURQAABBFIS0IbUwYMHew13HcSUWjvrrLOscePGXkFD/01DAIGUBdasWeMlFFUrXU1fdlWRJigHGs2fP9//XlDN+uTOdtCYtPKuajSqOFWmTJmE/zgQxCf8RwAABBBAIPwCqoahlTXVc0+taTOaAnf9I12jRo3AHoceflHugMD/L/D+++97ipkON1NTbvjh1Whi2UoHMyn9J62Vd30Z0d8fRYoUieXhRLRvBPER5eZmCCCAQOII6LH4kCFDbPLkyWkO+sorr7T27dt7HWulANAQQCB9Asobv+uuu0wbQLW5WxvCu3Tpkr43R/FVytN/4403bMuWLan2QicqP/roo//K8Y9it2Pq1gTxMTUddAYBBBAIvoA2omnl/bPPPkt1MKqSoQ1pHTp0sBIlSgR/4IwAgQgK/Pzzz9awYcOkw85OOeUUT0WpX79+BHuRsVvpcLaXXnrJq+SkVmlGV9V5D/fff7+pZCQteQGCeD4ZCCCAAAJZFli2bJn/46wj3NNq9erV88Bd5SFpCCCQcQF9Qe7UqZOtXLnS36wnWQMHDrRy5cpl/GJhfsfGjRtt9uzZ/oRgw4YNad5Np8n26NHD+vbta8cff3yar0/kFxDEJ/LsM3YEEEAgiwJacX/rrbfSTJkpWLCgde7c2QOPRK4mkUVu3o6Avfzyy77Z++DBg67RtWtXL8UYa00bbXv27GkzZ85MV9e0H+aWW26xhx56iNKx6RIzI4hPJxQvQwABBBD4PwGdlqhVNeWzrlu3LlUWnaCqf5j12J+GAAJZE9CG1eeee84vcvLJJ3vAq1XrWGpLly71Lxaff/55urtVoUIFr6TDptV0k/kLCeIz5sWrEUAAgYQV0Mra+PHjvYbz3r17U3Q4/fTTrV27dta7d28PNGgIIJA1AZWNVMUmna2gpj9jquhStWrVrF04m96t/Hz9vaCnBAri09OUw69a71dddZWfJnv00Uen52285jABgng+DggggAACqQps377dV/x0aExqrXr16h5oKN+dhgAC2SOwfPlyz3nXQU5qdevW9YC5ZMmS2XODLFxFOfmqQKXykH/++We6rlS7dm3r1auXP5075phj0vUeXpS8AEE8nwwEEEAAgWQFJk6c6PmsY8aMSVXoxhtv9KPPa9asiSQCCGSjgP7s6c+WmjZ5qpqTDkuLZtOmWm06/eijj+yff/5JV1d04vL1119vCuDLly+frvfworQFCOLTNuIVCCCAQEIJaKPqww8/bCtWrEhx3Pnz5/fVtOuuu47TVBPq08FgIyFw6NAhP5k09PRL9d+VC68DnaLR/vjjDxs6dKjdc8896b69/o5o06aNP5lTzjst+wUI4rPflCsigAACgRRQPusTTzxha9euTbH/Z5xxhuex6nCZvHnzBnKcdBqBWBZYsmSJr1qH/hzq5OIXXnjBypQpE/FuL1682EaMGGF6KqcN7Wm1KlWqWKVKlaxBgwZ2xRVXUCIyLbAs/j5BfBYBeTsCCCAQdIE333zTN6Fu27YtxaGo/rQOXYnWSmDQjek/AukR0MZVVXTat2+fv1ybPnX+QiQ3iG/atMm/NCiVbtGiRSl2W/nsqiajdDqlyFSsWNHOPPPM9AyT12STAEF8NkFyGQQQQCBoAsppVX7thx9+mGrw/uCDD3IwU9Aml/4GTuDxxx+3Pn36eL/1lEt553fccUfExjFt2jSveDN27NgUN6kee+yxXkmmVatWHrzr/2nREyCIj549d0YAAQSiIqC0GQXvqnqRUtMjcR15rlVBGgIIhE9A5Rnbtm1rU6ZM8ZuofKSqvdSpUyd8N/1/V961a5d98MEHdueddyat/id303POOcc32LZs2ZLD2sI+K+m/AUF8+q14JQIIIBBoAT2q10mPq1evTnEcqh6h4F35rDQEEAivwJw5c3yPicq4qtWrV89ee+21sKfP6MwHrbiPHj3a9u/fn+wgjzrqKF9xV9nYWrVqUQ4yvB+FTF2dID5TbLwJAQQQCI6ANsg1a9Ys1dNVL7vsMq88Ub9+/eAMjJ4iEGCBYcOGJZ22esIJJ3jqzKOPPhrWEenLwiOPPOLBe3ItR44cvjFVTwb0Qwcy0WJXgCA+dueGniGAAAJZElA9Z62qh055TO5iKv02cOBAu/zyy7N0L96MAALpE1CVF20S1+ZRNdV/1+ZVrXqHo/36669+kur8+fP95+SagnVVnFIfihcvHo5ucM0wCBDEhwGVSyKAAALRFNCjcm2KU733lJpOV+3Xrx8r79GcKO6dcAJKZbv66qtt/fr1PnZVc9HG8nPPPTfbLZQmo78HVF8+uaYvD6p+o3QelYQ8+uijs70PXDC8AgTx4fXl6ggggEDEBL7++mtTJZkJEyakeE+tvOtxeqNGjSLWL26EAALmue46HC3UFDyPHDnSlEqTnW3BggV+yrJKxx48ePA/l1a52BYtWljnzp2tUKFC2XlrrhVhAYL4CINzOwQQQCC7BbZu3erBuypapNRUXULBu/7xpiGAQOQEVH3mtttuSzp9NVeuXF5KUqlu2dXeffdd36g6efLkZC+pE18bN27sf0+ULVs2u27LdaIsQBAf5Qng9ggggEBmBfS4/LHHHrNBgwaleIlSpUrZk08+SfCeWWTeh0AWBPQFW8HzypUr/Spnn32256VXq1YtC1c1+/bbb30Vf+rUqbZx40bTF4Xkmg5gUv5906ZNLU+ePFm6J2+OPQGC+NibE3qEAAIIpCqwZ88ez3fv1q1biq8rUKCA58P26NEDTQQQiILA7NmzrW7dukl3vvLKKz3VLbOnrx44cMDGjRtn8+bN81SZ5Jqqy6hMrKpNXXzxxX4wk05WpcWnAEF8fM4ro0IAgTgVGDFihA0dOtQ2bNiQ7Aj12Lx///5+eAsNAQSiI6DzGIYPH55087vvvtsGDBiQqc4sXbrUV++VLpNcTfecOXN60K4a8zqQKV++fJm6D28KngBBfPDmjB4jgEACCowfP97zWbds2ZLi6O+9916777777KSTTkpAIYaMQPQFtm3bZs2bN7dFixZ5Z/RETNVnKleunOHOacVdZShVfvLIps2w7du396dx559/foavzRviQ4AgPj7mkVEggECcCnz66ae+8p7ShjX9Y64qE1rpK1y4cJwqMCwEYl9A+en6s/jdd995Z8uXL29KqcmfP3+GOv/999/7n+cXX3zxP+9Tiox+TykzefPmzdB1eXH8CRDEx9+cMiIEEIgDgWXLltkzzzzjj9BTau3atfNa7yVKlIiDETMEBIIroCdg2kCupidh+nOpE1gz0nbu3Gm9e/e2V1999T9vu/76632Dqk5TpSEQEiCI57OAAAIIxJCAVuGGDBniAXxKFScuueQSLxdZq1atGOo5XUEg8QRUJUaVXxYvXuyDL1q0qD399NOeUpPepg2rgwcP9j/3R/6Zv+WWWzxFTlWmaAgcKUAQz2cCAQQQiBGBw1fzkuuSVuEUvOt0RRoCCERXYObMmXbTTTd5uUc15b2//fbbVqxYsXR3bOLEidalSxfbt29f0nu0UVW57g888IAVLFgw3dfihYknQBCfeHPOiBFAIMYEpk2bZqpmsXnz5mR7VrJkSf/9jD6ej7Fh0h0E4kZAwXtow2nu3LntoYceSndFqEOHDtkbb7zhe12WL1/+LxOt6istR4ez0RBIS4AgPi0hfh8BBBAIk8Dq1au9lrMepyfXTjnlFF+R0wp9dh/NHqYhcVkE4lpAq+6qCjNr1iwfZ6FChezxxx+3m2++Oc1xHzx40CZNmuQbVufOnfuf4F3Vp8h5T5ORFxwmQBDPxwEBBBCIkkCdOnXs448/TvbuCt6feuop0xHtNAQQiL7AqFGjfOPpTz/95J3RarxOS07r8KbffvvNBg4caFOmTLElS5YkDeToo4+2tm3bmkrDlilTJvoDpAeBEyCID9yU0WEEEIgHgR9//NGKFCliWp07vCltpkOHDl6ejoYAArEhcOutt9rzzz+f1BmVklRgntaZDHraps2pn3/+edJ79cW8VatWvr9FfwfQEMisAEF8ZuV4HwIIIJAFAf0D3rdv36QrHHvssfbZZ59ZxYoVs3BV3ooAAtkpoCD8xhtvTKo+U65cORs5cqRVr149zdso6FfwH2r6M37//fdb165d2bCaph4vSI8AQXx6lHgNAgggkI0CW7du9Y1rv/76a9JVlSerx/M0BBCIDQFtMNV+lFBT3vuwYcPS3J+ycOFCU133DRs2+Ftz5MhhTzzxhPXq1cuOO+642BgcvYgLAYL4uJhGBoEAAkESOLyU5Iknnmg9evTwf+RpCCAQfYFNmzbZDTfc4E/G1LSpXActPfbYY2l2rk+fPh7oK11OTbnuEyZMYMNqmnK8IDMCBPGZUeM9CCCAQBYEWrRo4VUqtLFtxIgRnjOr1ToaAghEV+Crr74ybTjfv3+/d6RmzZqePnPeeeel2rF58+ZZp06dbM2aNf46lZ1s3bq1H9rG5vTozmk8350gPp5nl7EhgEBMCjz77LPWs2dP75s2smrljoYAAtEVePTRR01lHtWOP/54P2xJK+uptb1799rDDz9sw4cPt7/++stfWrx4cS8jedlll0V3QNw97gUI4uN+ihkgAgjEmoBW+bTCt2rVKlMt+O3bt6eZZxtrY6A/CMSLgHLXtXk1VEFGlaF0kNOFF16Y6hB1UJNW37/44gt/3THHHOPnOqhuPKvv8fLpiO1xEMTH9vzQOwQQiFOB2267zZ577jkf3fjx430jHA0BBCIroD+DqtP+yy+/+I21uVxVZVI7XO3333/31ffDc+SLFi1qU6dOtQoVKkR2ANwtoQUI4hN6+hk8AghES0C5s6E8W63gvfvuu1a/fv1odYf7IpBQAt98842vvh9+2JqC+bQ2mOtchzZt2th7773nXkq7UWqcNqvnzZs3oQwZbPQFCOKjPwf0AAEEElSgadOmvnqnpgDgnXfesVq1aiWoBsNGIDICY8eO9XKPoQoypUqVspdfftkuvvjiVDuwbt06a9iwoW3evNlfp7rv06ZNI/c9MtPGXZIRIIjnY4EAAghESWDfvn127bXX2pdffulHuev49k8//TTNShhR6i63RSDQArt27bL27dt74B1qofKuKvWaWlPVmgYNGpiuoaanZqosVaJEiUCb0PlgCxDEB3v+6D0CCMSBwJIlS7wUnVYDFcjr8Xzz5s2tdOnSvlmOhgACWRN45ZVXTPtQQqUjM3Ly6ocffuh7VvSlW61z586mClNaiachEE0Bgvho6nNvBBBA4P8J/P333x4YaLOcytaFWqFChaxatWpWtWpVX7U/66yzMEMAgXQK7N6923TS6vvvv5/0DuWvq3xkeirIzJ4921fgtZlV7f777/dNrTlz5kxnD3gZAuETIIgPny1XRgABBDIlsHjxYtPqvDbfqXydcndDp0eeccYZdsUVV3hu7jXXXJOp6/MmBBJBYO3atb55deHChT7cKlWq2ODBg728a3ranDlzrHHjxqbNrFp1f/LJJ/0p2VFHHZWet/MaBMKxbgLbAAAgAElEQVQuQBAfdmJugAACCGSPwMyZM+2DDz7wH+vXr/eLaiNso0aNrFWrVqYAn4YAAuZPtLTarqZykQMHDrRbb7013TRLly61yy+/3L7//ns/WVllJ1UTnoZALAkQxMfSbNAXBBBAIJ0CqpChXF1Vt5kxY4a/S1U2VPGmSZMmVLlJpyMviy8BPcG65ZZbTEG4Wt26dW3MmDF+imp627Jly3zjqjaxKuVmyJAhngdPQyDWBAjiY21G6A8CCCCQQYFDhw55xQ3Vmlfur/KAc+fO7cF8s2bNPJeehkA8C+iwpv79+/uKu1q+fPls0KBBHtBnpGnlXek2SsVRDfhHHnnEevfunZFL8FoEIiZAEB8xam6EAAIIREZgwYIFXnN+8uTJpiPl1ZRHX7hwYbv66qs9sKchEC8C06dP95XyrVu3+pAUhKsWfEY3gW/cuNE3sepnpeDoS8Fdd90VL0yMIw4FCOLjcFIZEgIIIBAS0AE1kyZN8oB+0aJFSTAtWrSw1q1beylLGgJBFXj66aetT58+ppV4rb5r82lmUl9+++03q1ixoq1evdoptCF23LhxQWWh3wkiQBCfIBPNMBFAAIFt27bZlClTPIf+8JJ72sCnmvQqxVepUiWgEIh5AVVt6tq1q+kQJjVt8H711Vft9NNPz1TflXqmdDS16667zlRXnio0maLkTREUIIiPIDa3QgABBGJJYMWKFfbGG2/Ya6+9lnSUfJEiRbx0pVJuVJs+rZMsY2k89CUxBLp3727Dhw/3wepwNK2+d+zYMdOD158BPZVSUyrOrFmz7Ljjjsv09XgjApESIIiPlDT3QQABBGJYQNU83nvvPQ9gtMr566+/JgU12hx48cUX+2o9DYFoCWjVXaeuzps3z7ugJ0hKecns6ruu8cknn9hll13m1ytfvryfx6ANrTQEgiBAEB+EWaKPCCCAQAQFVO3m7bff9nr0SlEItWLFivnGWKUbaJWehkAkBPbs2WP9+vWzESNG+O3y5MnjZSNbtmyZpdvv27fPT0PWmQsK3JVOoy8GNASCIkAQH5SZop8IIIBAlARUN1vVPlTxZsuWLUm9aNOmjV144YV+iA5pN1GanDi/rVbGe/ToYTrFWE1B9vjx461QoUJZGvnPP/9slStX9lKSahMmTPAvpzQEgiRAEB+k2aKvCCCAQJQF9u7daxMnTvSgR6UsQ00bYvXj4YcfznKAFeUhcvsYEVDwPmzYMO/Naaed5nnwehKU1fbHH394KcmPPvrIcuTIYW3btrXRo0eTB59VWN4fcQGC+IiTc0MEEEAgfgS0KVYVb7Riun37dh+YTo5V2b+LLrrIzj///PgZLCOJiICe+Kg+e+iMA5VD/d///mennHJKlu//119/efnIUJrYVVdd5ak5BQsWzPK1uQACkRYgiI+0OPdDAAEE4lTg448/tpkzZ3r5yuXLl/soK1SoYGeffbbdfvvtvgHxjDPOiNPRM6ysCihHfcCAAf5DTZWSlDpTu3btrF466f3333+/PfHEE/7/uq6CeR2CRkMgiAIE8UGcNfqMAAIIxLjAjz/+6AGYDpqaPXu291Z588o7VmCvGt80BEICqox0ww032P79+/2XVIVGAXdWc98PF37ppZfspptu8l+qXr26b5TVng4aAkEVIIgP6szRbwQQQCAgAipXqVV6pd0ooNex9qoGorSbSy65xNq1a2flypVjc2xA5jM7u6mTVjt16uR7LNTOPPNM//Kneu3Z2fS5u/LKK0358CeddJJNnTrVD4iiIRBkAYL4IM8efUcAAQQCKKBDpqZNm+ZlLD///HMfgdJslEOvzYznnHNOtq7ABpAoIbqsU1F79+5tu3fv9vEOGTLE066yux04cMAr0ejLY65cuezFF1+0Vq1aZfdtuB4CERcgiI84OTdEAAEEEAgJ7Ny50w+YevPNNz2fPnTIVJUqVfzkWB00VaBAAcDiSGDXrl3WoUMHP1xMrX79+jZw4EC74IILwjLKw6vcdO7c2TfJ0hCIBwGC+HiYRcaAAAIIxIGAUitmzJhhc+fO9aD+m2++8VFpY6xSIVq3bu0nx9KCKzBy5Eh74IEHTKVK8+XLZ4899ph169YtbAPSkx7lv6vpsLKFCxfylCds2lw40gIE8ZEW534IIIAAAukSUNqNNsZOnz49Ke1Gb9SBPwr8dNomlUXSRRn1F6lcZJcuXZI2OTdp0sSefvppK1GiRFj7dumll9qnn37q93j99ddJowmrNhePtABBfKTFuR8CCCCAQIYFtm7dap988omXr9QmWa3kqpUpU8YP62nUqJFXvaHFnoCqwNx999128OBB/9Kl1fdQlZhw9lZfAFVjXk2pWW+99ZYf7kRDIF4ECOLjZSYZBwIIIJBAAsqjV0Cvw6aUY62m9AydxNm0aVNWXGPgs/D111/7fKxbt857o3x0negbiYOV9IVPT2vWrFljOXPmNB0gpS96NATiSYAgPp5mk7EggAACCSiwatUqT7l59913fbU+1OrWrWtXXHGFNW7c2MqWLZuAMtEZ8s8//+w12HXqqprKRqpGe3Ye2pTayPQZuOyyy5Jeoi8N2l9xzDHHRAeEuyIQJgGC+DDBclkEEEAAgcgLqNqNqtzox+TJk00BpZpqgis/WkG9atPTwiOgfQyqBjNnzhy/QZ8+fTyYz5s3b3hueMRV9YVO5SP1s9q1115rEydOjMi9uQkCkRYgiI+0OPdDAAEEEIiYgFbolUqhqjebNm3y++qgKaV5KL1C5Q2LFi0asf7E840eeugh69+/vw9RJ6HqAKdIPwFp2bKlVzZS071XrlwZz+SMLcEFCOIT/APA8BFAAIFEEdi8eXNStZuPPvrIh50nTx6rWrWql7C8+uqrrWTJkonCkW3jPDz/XKeh3nvvvXbfffdl2/XTe6HDA3i9Z9GiRVapUqX0vp3XIRA4AYL4wE0ZHUYAAQQQyKrAd99953n0WqHXz99//71fsnjx4l7CUiv1+nHCCSdk9VZx/X5tVh01apSPUW6DBw8O26FNKUFu2bLFq9AsXrw46SV6KtCvX7+4tmdwCBDE8xlAAAEEEEh4AR0KpLSbadOm2dKlS93j9NNPtzp16njKjX6ceuqpCe8UAlDKSs+ePU17EPQ0Y/jw4V7qMxrtyI2s6oPKkEZqI200xsw9EZAAQTyfAwQQQAABBA4TWL16ta/Qf/jhh/5zqJUvX943xqp0oVbsE7Gp1vvtt99uY8aM8eG3adPGRo8ebSeeeGLUOCpXrvyvVfju3bvbsGHDotYfboxApAQI4iMlzX0QQAABBAIpMGXKFF+hV0Cv2udqOmlUq/Naqa9Xr17Eqq9EE1BlI/v27esHbakmvzauNmzYMJpd8o20Sp0JNZ0Eq37qKQoNgXgXIIiP9xlmfAgggAAC2Sbw2WefefnKqVOnJq3+qg55jRo1THXptUG2VKlS2Xa/WLiQqvo8+OCDfrBWrly5rF27djZkyBCv8hPtpio4y5cvT+qGUmtUTpSGQCIIEMQnwiwzRgQQQACBbBfYv3+/r0aHDpoK3aB06dJ2ww03eF16/QhqU439N954w5Se8uuvv1qxYsW89n6sVHzRRlal0oSaqgxpbwMNgUQRIIhPlJlmnAgggAACYRXQZkpt+NRK/caNG/1eqlWu4FKbLBXQ6/TSIDSlDWnF/dNPP/XuPvXUU9a7d++Y6rqq4qg6TqjJWHNAQyBRBAjiE2WmGScCCCCAQMQEFPzOmjXL8+hDq8NKRVHajX7ceOONnlcfi0055gqQVXlGOe8K4M8777yY66rq+mu/QqhdcMEFtmzZspjrJx1CIFwCBPHhkuW6CCCAAAIImNmhQ4fsrbfeMuVra4Psjh073EWbL5WqUqVKFT/hNNolLJX73rp1az8kSafY6sAmVeKJ1VamTBlbv359UvcKFSpkqv9PQyBRBAjiE2WmGScCCCCAQEwI6LRYrdSrLn2oJr0CeKXddOjQwVNwzjrrrIj1VQddafU9VJZRm3Nff/31mK+4I68vv/wyyemiiy761/9HDJAbIRAlAYL4KMFzWwQQQAABBJSyMn/+fBs3bpyn3ah8o5pOi61Zs6ZXu6lYsWLYoLTqrkOa1q1bZ1rZ7tOnj2/KDUJTOpJOaw21Tp062ciRI4PQdfqIQLYIEMRnCyMXQQABBBBAIOsCs2fP9vKV2hyrQ6fUzj33XCtXrpyfkKoUnOw4aEqHNg0dOtQGDhxo+u+OHTt62cjcuXNnfRARukKOHDn+dafq1avbggULInR3boNA9AUI4qM/B/QAAQQQQACB/wgo31vVVpRPP2/ePC/zqNrsWp1XUH/bbbdZgQIFMiz30ksv2V133eWr/krdGTBggDVq1CjD14n2G6pVq2ZffPHFv7qhnH7Vs6chkAgCBPGJMMuMEQEEEEAg0AKqSa+AdeLEiX7IVKgKS6jijcpXqtxiaptjDxw44FVxtNKvLwOqOnPrrbcG1uXI01pDAyGtJrBTSsczKEAQn0EwXo4AAggggEC0BVatWuUbY+fMmeNlLENNK+s6jKlXr15WoUKFpF/Xa9u3b2/6MqBqOK+88orpUKogNxnoS4iq/hzZ6tevb88//3zcnZ4b5Pmi79kvQBCf/aZcEQEEEEAAgYgJ/PDDDzZ37lx79dVXbcWKFbZ27dqkeytg//PPP23JkiX+a4MHD7Y77rgjYn2LxI1OOOEETzU6sqnkZL9+/axr166R6Ab3QCDiAgTxESfnhggggAACCIRPQCvT2uD57LPP2q5du5JupNrvrVq1sjvvvNMKFy4cvg5E+Mpjx461m2++OcW7Xn/99b6BV5uCaQjEkwBBfDzNJmNBAAEEEEh4AaXXtGnTxrRCf/LJJ/sGWFW60SbZPXv2JPloM6sCXL026E0lMtu1a/efja6hcamiz5gxY6xu3bpBHyr9RyBJgCCeDwMCCCCAAAJxIKBSkdrcqrQaNW1iVf35w5s2xSq1ZsKECZ5PH2r16tXzA6a0oq2c+iA25fs3adLED9JKrint5t5777W+ffsGcXj0GYH/CBDE86FAAAEEEEAg4AI6MEqB+C+//GLnnXeejRo1ymrUqJHqqPbt22eTJ082bRAdMWKEHTp0yF+vVJsWLVr4oU86BTVobfjw4da9e/cUu924cWM/FIr0mqDNLP09UoAgns8EAggggAACARa45557vNqMTn/NysZVlbB88803vS791q1bk0RU8UYr3ArqdfBUENrKlSs9TUg/J9eUXvPGG294pR4aAkEVIIgP6szRbwQQQACBhBZQ2ogOftLqe+XKlb2kYnYGpdOmTbNJkyZ5Xfndu3e7dZEiRax58+bWtGlTq1OnTkz7q2JN79693SWlpi8mL7/8ckyPg84hkJIAQTyfDQQQQAABBAIkoBV3HWj03nvv+cbVRx55xLp16xbWEUyZMsW+/PJLe/fdd/+1uq0TUhXQN2vWzA+QisWmE1w7duxoP//8c7Ldq169ug0bNswqVqwYi92nTwikKEAQz4cDAQQQQACBAAgoNUTBtFJeli9fbldccYWNHz/eChYsGNHeK9VGXyBCP69Zs8bvrxz8q666yq699lorWbJkRPuU1s02bNjgX3ySOxhK782bN6+X5NRmYBoCQREgiA/KTNFPBBBAAIGEE5g4caKns8ycOTMppUUbV3Vg0y233BITHlqh/+CDD/zHwoULvU9nnnmmqYRlgwYNTBtJY6WpMo2eXKTUlJ6kjbElSpSIlS7TDwRSFCCI58OBAAIIIIBAjAioTOJLL73kuejz5s1L6lX58uU9/11B8aWXXhojvU2+G6rH/uGHH3opyy1btviLatWqZZdffrnXpY92gKzTbVWK8/CTbQ8fiarWPPPMM16hh4ZALAsQxMfy7NA3BBBAAIGEENAJqyqLuHTp0qTxqiqM8s2V764NpUFs+iKyaNGif30p0Sq9cuiVT1+tWrWoDOunn36yHj16/KeO/uGdUc385557znLlyhWVPnJTBNISIIhPS4jfRwABBBBAIAwCX3/9tZeE1GbRbdu2+R100JIqpqikY7RXrLN7yKoWM336dHvnnXc8Rej777+3U0891cd88cUXW8+ePe2kk07K7tumej099dB9f/zxx2RfV7p0aS/fmZ1VfyI6QG4W1wIE8XE9vQwOAQQQQCCWBHSg0oABA7ysoYJ4tUKFCnl+e5cuXaxYsWKx1N2w9mXWrFmmyjFKHTpw4IDf65JLLvG0m+uuu85PkI1E2759u59Uq/6k1B544AG7//77Tae+0hCIFQGC+FiZCfqBAAIIIBC3Ajt27LCxY8fa6NGjvaqLgkHVW2/btq3Vr18/bsed3oFpU6xSb3SCbChX/ZxzzvFV8tq1a5v+O9xNT0VUVz6lpv0IgwYN8hNxaQjEggBBfCzMAn1AAAEEEIhLgdmzZ9uoUaP8dFA11STv0KGDtWzZ0nLnzh2XY87qoBTEf/zxx35yrPzUVAJSAX2FChWsZs2aVqBAgazeJtn3q1ymquls3rw5xeuPGzeOUpRh0eeiGRUgiM+oGK9HAAEEEEAgDYEXX3zRBg4caOvWrfNXarW9T58+ni5CS7/A3r17TZt+X3jhBdMJtfv27fP0I+XQN2zY0Gvla6Nsdjbl7qt6TWonuerL2Pvvv2/58+fPzltzLQQyJEAQnyEuXowAAggggEDyAsrrVo3xp59+2mu6q6qJNqneddddVqpUKdiyQeCrr77yw66UR79+/Xq/olJtFMwrqFcZzuxqOtDq9ttvt40bNyZ7SZ2W279/f7v11luz65ZcB4EMCRDEZ4iLFyOAAAIIIPBvAa0ODx061E/8VCCviiu9evWyrl27slIbxg+L9hao2o1+qC69Ng2rKZivV6+eB/RlypTJUg9UtUZfxFRNJ6VWuXJlmzFjBnOdJWnenBkBgvjMqPEeBBBAAIGEF1CtcQXv2hCpYK9w4cJ23333WceOHe34449PeJ9IA3zyyScezCugDtXbL168uH+ZUvqNSllmtrqMcvTbtGlju3btSnZYytHX5+DGG2+M9LC5XwILEMQn8OQzdAQQQACBzAnoEKBHHnnE9uzZYwULFjSVINThQbTYENC8qGSkNsYquFdKTJ48eUwpMAq0tbH4/PPPz1BnlZ//8MMP+wFQKTWdTDty5MgsPwHIUMd4ccIKEMQn7NQzcAQQQACBjAqoFKJSZTZs2OAHE919992eN82pnhmVjOzrd+7c6RtV58+fb1988YXvWdDTklatWnm6jKreKMBPT5szZ46XB9VhVSm1hx56yPr165eey/EaBDItQBCfaTreiAACCCCQKAKbNm3yDYzTpk3zIeu/FaSFq9RhorhGa5xz5861mTNnmqoIqYa/mlbRb7rpJlOOe9myZVPt2v79+/1JzJAhQ1J8nerJjxkzxsuK0hAIhwBBfDhUuSYCCCCAQFwIqNzg448/7gGbmg4eUjpFRlMx4gIjTgehzciq4//KK6/4gVNqesqi1farr77arrrqqhRHvmzZMrvttttMXwpSanpSozQczgWI0w9QFIdFEB9FfG6NAAIIIBC7Asqp7tKli2kVXrXJhw0bZi1atIjdDtOzbBFYuXJlUhnLVatW+TVV8ebyyy+3Zs2aWYkSJf5zH63oK7UqpRSbokWLeq17Vc2hIZBdAgTx2SXJdRBAAAEE4kJAGxi1uvraa6/5eLSSqhxnrc7SEktAZSy1D0IlJkOpVKr5r4C+adOm1qBBgyQQbabt3bt3qodEXXfddfbMM8+QhpVYH6OwjZYgPmy0XBgBBBBAIGgCSqnQxtUffvjBS0Xq1NV8+fIFbRj0N0wCKl/57rvvemC/efNmv4tW1+vUqeMnx7Zu3dqr4nTv3j3pMKoju6INtMqlb9euXZh6yWUTRYAgPlFmmnEigAACCKQooBXXDh06eABWunRpT32oWbMmYgikKLB27VpfoR8xYoRt2bIl6XUK6K+55hpbsWKF163ftm1bstfQ/or//e9/lKPkM5ZpAYL4TNPxRgQQQACBeBB46qmnPF3ml19+sXvuuceefPLJeBgWY4igwFdffeVpNJ999pmXsDy8KfVmyZIl/nQnudanTx8/JOzEE0+MYI+5VTwIEMTHwywyBgQQQACBDAsosOrUqZMtXrzYLrroIl99L1euXIavwxsQOFzgu+++s0mTJtmrr75qCxYsSPot1aX/448/7K+//voP2Omnn27PPvusV8ShIZBeAYL49ErxOgQQQACBuBBQScH+/fvb0KFDveqM0iFUSpCGQHYL/PTTT37AlIJ6lbHU/6fWLrnkEv9cVqpUKbu7wvXiUIAgPg4nlSEhgAACCCQvoI2rqiDy22+/edqMSkjSEIiEgM4cUKrNxx9/bMOHDzdVs0mptWnTxlfyaQikJkAQz+cDAQQQQCDuBb788kuvOqOc5ZtvvtkD+FNPPTXux80AY1dAOfJdu3b10pU//vhjsh2tVq2ab5JVmk3JkiVjdzD0LCoCBPFRYeemCCCAAAKREFDVGR3CM3HiRLv44os975hUhUjIc4+MCOgJ0f3332/ffPNNqm/TJllVtWnbtq2XtKQltgBBfGLPP6NHAAEE4lJg165d9uijj/opq2XKlLHHH3/cVzRpCMSqgKojqQa9KiWpfGV62h133GH169c3bYw9//zz0/MWXhNHAgTxcTSZDAUBBBBIdAFVBtEBTdqsqnSZvn37ev13GgJBElA+vL6Erlmz5l/dPuqoo+zvv/9OdigVK1a0K664IunwqSCNl75mToAgPnNuvAsBBBBAIIYEdNiOVttHjx5tZ5xxhtfdZtNqDE0QXcmwgHLmVXv+ueeeSzodNnSRCy64wHLkyGHLli1L8bo6GVZpN1qpb9iwYYbvzxtiX4AgPvbniB4igAACCKQgsHv3buvZs6e9/vrrVqJECevXrx/H2fNpiSuBvXv3elqYyqIe2a688kpr3bq1aeP29OnTbdOmTSmOPXfu3NayZUsP6uvWrWunnHJKXDkl4mAI4hNx1hkzAgggEHCBKVOmeLqBDmo66aSTvPKMfuTPnz/gI6P7CCQvoFSx559/3kaNGmX68np400Fl1113nafaqITlzJkzbdasWbZq1aoUObWaX6dOHbvsssusVq1aljdvXugDJkAQH7AJo7sIIIBAogoocBkwYICfrKoDm7SR79Zbb7UbbrjBcuXKlagsjDvBBLRpW3s+9GdBtedDTQG5Sqfq9OFQ27Fjh02dOtU2btxoc+bMsUWLFqWqpcBeB06pAk6LFi0STDZ4wyWID96c0WMEEEAgoQTGjh3rue6q8a6j61u1amUdO3a0GjVqJJQDg0XgcAHlzCtfftCgQXbw4MGk3+rWrZs98sgjppz4I9u+ffvsk08+sdmzZ/vPK1euTBVVAb1Ks1avXt2aNm3KBMSYAEF8jE0I3UEAAQQQMFO5vTFjxvgR9Nq0qkDipptu8vxf5fbSEEDg/wSUZvPMM8/4KnyolS1b1tPNmjVrliqTTo2dO3eur9KrvKX+rKXWqlat6gG9vkjrICpadAUI4qPrz90RQAABBP6fwE8//WRvv/22Hzc/Y8YMK1iwoPXo0cMrbBQvXhwnBBBIRWDbtm1+YNSECROSXqUvvdrsfc4556TLTodNzZ8/36viaLOsNtWm1rRJ9sILL7Srr76aoD5dwtn7IoL47PXkaggggAACGRRQnm6fPn08cFfTRjuViFTNaxoCCGRMYOfOnfbAAw/Ya6+9ZocOHfK0Gv350sFQGW1ff/21LVy40L8YfPXVV7Z9+/ZUL6H0G+1RKVWqlFWuXNk3ndPCJ0AQHz5browAAgggkIKAKmi888479uGHH9r69ev9sX+TJk3sqquusgIFCuCGAAJZFFCqTPfu3e29997zYF5Ps5599ln/M5bZpjz8N954w1asWGETJ06077//PsVLKYBXHr1q1OvsBm2aJRUus/LJv48gPns9uRoCCCCAQAoCP//8s6/SqfzdP//8Y6pxfeONN3rwTkMAgfAIKODWRvAvvvjCb6DUGtWUV2Cd1aaKUW+99ZZt2LDBJk2alOpKverSN2rUyH8osCegz6q+GUF81g25AgIIIIBAGgLLly/3FcDChQv7Sart27fHDAEEIiigtJhOnTrZ0qVL/a464Vhpa9nZtPqvqjc6x0F/5lOrfqPUG63Wa7NsmTJlPAWnSJEidtppp2Vnl+L6WgTxcT29DA4BBBCIvsBjjz3mObpPPfWU9e7dO/odogcIJLCAVsxVslWr8QqgVWlGhz2dddZZ2Z7DrvMcVKdelW/04/C69ilNgc58UHWq8847z0qWLGmqtJMvXz4rVqyY59kr4Kf9nwBBPJ8EBBBAAIGwCOhQmubNm3u1C1WdUQULGgIIxIaA0mtUT14byv/44w/vlIL6du3a+aZyBfXZ3VQOU38faC/MtGnT7Ntvv830LdRXnTJbrlw5r5CjVL1EawTxiTbjjBcBBBCIgICqWCgQ0OFM2gjH6lkE0LkFApkQ+O233+yjjz7ynPlZs2bZggUL/CrXXnutr9ArBeeYY47JxJXTfsuqVats3Lhxtn//fn8yoDKZWW368nHqqad636+77joP8uO1EcTH68wyLgQQQCBKAlph06q78t51PDwNAQSCI6BNqspp15fvxYsXW6FChbzsq/ayKI/9qKOOCttgVKd+3bp1/mVCK/affvpptt2rSpUqvnKvsSgXv3bt2p6qE+RGEB/k2aPvCCCAQIwJ6JAYHfuun6+55poY6x3dQQCBjAjowCcdvqbTk1VdKmfOnF5ZRpvUlaOup236tXC2efPmeTlL/axa9dndTjjhBN9wr+o5StHRlxZV8KlZs2bMb7IliM/uTwPXQwABBBJQQP/Y62TIHTt2eKm5cOTTJiArQ0YgJgSUcqPDo/Rj9uzZ9ueff/6rX9qMqvQVnbqs1Xvl2Nf6sb0AAATNSURBVIdW7HPkyGF6f/ny5a1ChQq+on/sscf6/2emKZ/+888/97x6VdwJd1NK4HHHHedPIVSWs3Tp0r7Xp2jRouG+dZrXJ4hPk4gXIIAAAgikJqADZHr27Glt2rSxF154wbSyRUMAgfgUUMqLylSqlKROW960aZPp1zLaTjzxRP+yX6JECa9EoxQXfRGoVq1aui+1b98+X6FXCt+yZcs8BSdSTU8iOnfubLfddpvlyZMnUrf9130I4qPCzk0RQACB+BBQRYjx48fboEGD7M4774yPQTEKBBDIlMCPP/5oS5Ys8RQblYfUarxSVRRoK+hXxSqlxKQn2D777LN95V4/K9hv2bKlacU/rTZnzhwP6JVXr+o36k84m540qPSl+hoq1xnuFKPQeAjiwzmzXBsBBBCIU4HNmzd7zqj+AdMmuIsuuihOR8qwEEAgHAKqRKPqNFrN12ZWBferV69O81ZKb9GGVAX2NWrUsPz581vbtm1TfZ+ur1Q/pf0pt1/pOPq17KiGc+SNzzzzTP87MbPpQmkCHPYCgviMaPFaBBBAAAEvRaej01XlQeXh0rM6BhsCCCCQloAOg1KAvXXrVtNCgVbsv/76a//v9DQF9gqiL7jgAg/0dfqrNqsWKFAgxbeH8vh///13/yKxe/duU4ncggUL2po1a+yvv/7yv/PSc1BV6CY6CVcn4oa7EcSHW5jrI4AAAnEkoE1pI0eO9BMfO3ToEEcjYygIIBDLAip9uXbtWt84u3PnTl9JV3CvgDs9TXn3p59+uuevq6qOgvNKlSpZ9erVU3z7li1b7Mknn7Q9e/bYySefbCtWrPDAXqv5en9KjSA+PTPCaxBAAAEEIiKgf8xUWk5VKV5//XWrWLFiRO7LTRBAAIG0BDZu3OibaxXQa6OtNt7qACnlx6enFS9e3PTj8BZaoU/P+w9/jZ5M6gkC6TQZleP1CCCAAALZLtC/f3976KGHrFevXv6ImOoz2U7MBRFAIIwCOoVW6TLLly/33Hil7Pzzzz9eovLQoUNZurP2BdWpU8datGjh9eUvvfTSsB6IdXhnSafJ0tTxZgQQQCC+BVQRQkeyDx482E9gpSGAAALxJqAUHTWl6YT++8CBA6YSltr8qlV5PYlUxZ2DBw/aueee67XjVQ4znCfYpuVMEJ+WEL+PAAIIJKDAzJkzrV69el6BRqc1lilTJgEVGDICCCAQuwIE8bE7N/QMAQQQiIrAY489Zg888IDdc8891rdvX6rPRGUWuCkCCCCQugBBPJ8QBBBAAAEX+O677zxlRtUXXn75ZT89kYYAAgggEJsCBPGxOS/0CgEEEIiowPvvv2+tW7f22u+jRo3y+so0BBBAAIHYFSCIj925oWcIIIBA2AVU7/jOO++0CRMm2KBBg6xz585hvyc3QAABBBDIugBBfNYNuQICCCAQSIGVK1eaqs/kzJnTJk2aZKVLlw7kOOg0AgggkIgCBPGJOOuMGQEEEl5g6NChdscdd9iDDz5oOl2Q2u8J/5EAAAEEAiZAEB+wCaO7CCCAQFYEVq9ebd26dbNvv/3WRowYYZdffnlWLsd7EUAAAQSiJEAQHyV4bosAAghEWmDq1KnWqVMnq1Gjhj3//PNsXo30BHA/BBBAIBsF/j/M8i6BN6Y7iwAAAABJRU5ErkJggg==', '2025-05-22 01:42:56');

-- --------------------------------------------------------

--
-- Table structure for table `document_versions`
--

CREATE TABLE `document_versions` (
  `version_id` int(11) NOT NULL,
  `document_id` int(11) DEFAULT NULL,
  `version_number` int(11) DEFAULT NULL,
  `file_path` varchar(255) NOT NULL,
  `changes_description` text DEFAULT NULL,
  `created_by` int(11) DEFAULT NULL,
  `created_at` timestamp NOT NULL DEFAULT current_timestamp()
) ENGINE=InnoDB DEFAULT CHARSET=utf8mb4 COLLATE=utf8mb4_general_ci;

--
-- Dumping data for table `document_versions`
--

INSERT INTO `document_versions` (`version_id`, `document_id`, `version_number`, `file_path`, `changes_description`, `created_by`, `created_at`) VALUES
(12, 47, 1, '', 'Document updated', 1, '2025-05-21 22:16:25'),
(13, 47, 2, '', 'Document updated', 1, '2025-05-21 22:18:14'),
(14, 47, 3, '', 'Document updated', 1, '2025-05-21 22:19:39'),
(15, 47, 4, '', 'Document updated', 1, '2025-05-21 22:21:33'),
(17, 48, 1, '', 'Document updated', 29, '2025-05-21 22:43:08');

-- --------------------------------------------------------

--
-- Table structure for table `encrypted_files`
--

CREATE TABLE `encrypted_files` (
  `file_id` int(11) NOT NULL,
  `original_filename` varchar(255) NOT NULL,
  `encrypted_data` longblob NOT NULL,
  `encrypted_key` text NOT NULL,
  `file_hash` varchar(64) NOT NULL,
  `digital_signature` text NOT NULL,
  `iv` varchar(32) NOT NULL,
  `uploaded_by` int(11) NOT NULL,
  `created_at` timestamp NOT NULL DEFAULT current_timestamp(),
  `updated_at` timestamp NOT NULL DEFAULT current_timestamp() ON UPDATE current_timestamp()
) ENGINE=InnoDB DEFAULT CHARSET=utf8mb4 COLLATE=utf8mb4_general_ci;

-- --------------------------------------------------------

--
-- Table structure for table `files_with_signatures`
--

CREATE TABLE `files_with_signatures` (
  `id` int(11) NOT NULL,
  `user_id` int(11) DEFAULT NULL,
  `filename` varchar(255) DEFAULT NULL,
  `content_type` varchar(50) DEFAULT NULL,
  `sha256_hash` varchar(64) DEFAULT NULL,
  `hmac_signature` text DEFAULT NULL,
  `digital_signature` text DEFAULT NULL,
  `file_path` varchar(255) DEFAULT NULL,
  `upload_date` timestamp NOT NULL DEFAULT current_timestamp()
) ENGINE=InnoDB DEFAULT CHARSET=utf8mb4 COLLATE=utf8mb4_general_ci;

-- --------------------------------------------------------

--
-- Table structure for table `login_attempts`
--

CREATE TABLE `login_attempts` (
  `id` int(11) NOT NULL,
  `user_id` int(11) DEFAULT NULL,
  `ip_address` varchar(45) NOT NULL,
  `attempted_at` timestamp NOT NULL DEFAULT current_timestamp()
) ENGINE=InnoDB DEFAULT CHARSET=utf8mb4 COLLATE=utf8mb4_general_ci;

-- --------------------------------------------------------

--
-- Table structure for table `login_logs`
--

CREATE TABLE `login_logs` (
  `id` int(11) NOT NULL,
  `user_id` int(11) NOT NULL,
  `ip_address` varchar(45) NOT NULL,
  `login_time` timestamp NOT NULL DEFAULT current_timestamp(),
  `auth_method` enum('manual','github','google','okta') NOT NULL
) ENGINE=InnoDB DEFAULT CHARSET=utf8mb4 COLLATE=utf8mb4_general_ci;

--
-- Dumping data for table `login_logs`
--

INSERT INTO `login_logs` (`id`, `user_id`, `ip_address`, `login_time`, `auth_method`) VALUES
(1, 1, '::1', '2025-05-18 13:38:27', 'manual'),
(4, 1, '::1', '2025-05-18 15:24:14', 'manual'),
(5, 5, '::1', '2025-05-18 15:46:26', ''),
(6, 1, '0.0.0.0', '2025-05-18 15:50:59', 'manual'),
(7, 5, '0.0.0.0', '2025-05-18 15:51:32', ''),
(8, 1, '0.0.0.0', '2025-05-18 15:54:55', 'manual'),
(10, 1, '0.0.0.0', '2025-05-18 15:59:36', 'manual'),
(11, 1, '0.0.0.0', '2025-05-18 16:06:04', 'manual'),
(12, 1, '0.0.0.0', '2025-05-18 16:15:35', 'manual'),
(14, 20, '::1', '2025-05-21 16:32:40', 'github'),
(15, 20, '::1', '2025-05-21 16:44:35', 'github'),
(16, 20, '::1', '2025-05-21 16:57:50', 'github'),
(17, 20, '::1', '2025-05-21 17:02:57', 'github'),
(18, 20, '::1', '2025-05-21 18:39:01', 'github'),
(19, 30, '::1', '2025-05-21 22:52:41', 'github');

-- --------------------------------------------------------

--
-- Table structure for table `mfa_secrets`
--

CREATE TABLE `mfa_secrets` (
  `id` int(11) NOT NULL,
  `user_id` int(11) NOT NULL,
  `secret_key` varchar(32) NOT NULL,
  `backup_codes` text DEFAULT NULL,
  `created_at` timestamp NOT NULL DEFAULT current_timestamp()
) ENGINE=InnoDB DEFAULT CHARSET=utf8mb4 COLLATE=utf8mb4_general_ci;

--
-- Dumping data for table `mfa_secrets`
--

INSERT INTO `mfa_secrets` (`id`, `user_id`, `secret_key`, `backup_codes`, `created_at`) VALUES
(3, 17, 'ZEX547JG3YNCISFW', '[\"BAC6FBD8\",\"2CC927A3\",\"D978FE0E\",\"3598072D\",\"352828FD\",\"87D9BF05\",\"2066DC30\",\"8F42DBE0\"]', '2025-05-21 12:07:17'),
(4, 18, 'CNTFP7WVJ5OX7BDS', '[\"192ED024\",\"8C209B98\",\"E69FA569\",\"AD403CF8\",\"6755D03F\",\"6B2FF128\",\"9852C737\",\"6E5E6F6B\"]', '2025-05-21 13:41:04'),
(5, 21, 'SZCNXHKAGZAGMPIE', '[\"C785C6BC\",\"74D0E2EC\",\"73796508\",\"CBA10126\",\"FE05A688\",\"C81B9994\",\"45AD3A53\",\"9718EF0C\"]', '2025-05-21 17:05:49'),
(6, 22, '2IF4ZVBYAW25YKHT', '[\"06290488\",\"C070EB09\",\"4E7E9C13\",\"BDDE45B1\",\"2B7FF2DB\",\"D9B4F3F0\",\"C9D328E0\",\"B3EB0C77\"]', '2025-05-21 21:02:56'),
(7, 23, '4PVZXYHOEDQVNIYN', '[\"C4A8A2F5\",\"9BBC7FDB\",\"7C07B460\",\"9032FEC0\",\"1CCF09C3\",\"AA8B4E90\",\"95E12430\",\"4C108AC5\"]', '2025-05-21 22:07:05'),
(8, 24, 'AXEPLEW7UWMLXSJL', '[\"94BD326F\",\"DCAC93E0\",\"3AF093E6\",\"92665928\",\"310B8E38\",\"FB589B1A\",\"FA611458\",\"BB77F654\"]', '2025-05-21 22:24:02'),
(9, 25, 'T2VSAY7MWJR4UW74', '[\"2A62B547\",\"28B8D8AA\",\"38756006\",\"0FD9798B\",\"A6B633F2\",\"CD9EF635\",\"B14612BF\",\"99A18BB8\"]', '2025-05-21 22:31:11');

-- --------------------------------------------------------

--
-- Table structure for table `password_resets`
--

CREATE TABLE `password_resets` (
  `id` int(11) NOT NULL,
  `user_id` int(11) NOT NULL,
  `token` varchar(255) NOT NULL,
  `expires_at` timestamp NOT NULL DEFAULT current_timestamp(),
  `created_at` timestamp NOT NULL DEFAULT current_timestamp()
) ENGINE=InnoDB DEFAULT CHARSET=utf8mb4 COLLATE=utf8mb4_general_ci;

-- --------------------------------------------------------

--
-- Table structure for table `permissions`
--

CREATE TABLE `permissions` (
  `permission_id` int(11) NOT NULL,
  `permission_name` varchar(100) NOT NULL,
  `description` text DEFAULT NULL,
  `created_at` timestamp NOT NULL DEFAULT current_timestamp()
) ENGINE=InnoDB DEFAULT CHARSET=utf8mb4 COLLATE=utf8mb4_general_ci;

--
-- Dumping data for table `permissions`
--

INSERT INTO `permissions` (`permission_id`, `permission_name`, `description`, `created_at`) VALUES
(1, 'manage_users', 'Can create, edit, and delete users', '2025-05-18 11:15:41'),
(2, 'manage_roles', 'Can create, edit, and delete roles', '2025-05-18 11:15:41'),
(3, 'view_logs', 'Can view system logs', '2025-05-18 11:15:41'),
(4, 'manage_documents', 'Can create, edit, and delete any document', '2025-05-18 11:15:41'),
(5, 'upload_documents', 'Upload own documents', '2025-05-18 11:15:41'),
(6, 'download_documents', 'Can download any document', '2025-05-18 11:15:41'),
(7, 'sign_documents', 'Sign documents', '2025-05-18 11:15:41'),
(8, 'view_profile', 'View own profile', '2025-05-18 11:15:41'),
(9, 'edit_profile', 'Edit own profile', '2025-05-18 11:15:41'),
(10, 'view_users', 'Can view user list and details', '2025-05-18 11:15:41'),
(11, 'assign_roles', 'Can assign roles to users', '2025-05-18 11:15:41'),
(12, 'view_documents', 'Can view all documents', '2025-05-18 11:15:41'),
(13, 'delete_documents', 'Can delete any document', '2025-05-18 11:15:41'),
(14, 'view_roles', 'Can view role list and details', '2025-05-18 11:15:41'),
(15, 'assign_permissions', 'Can assign permissions to roles', '2025-05-18 11:15:41'),
(16, 'manage_system', 'Can manage system settings', '2025-05-18 11:15:41'),
(17, 'view_dashboard', 'Can view admin dashboard', '2025-05-18 11:15:41');

-- --------------------------------------------------------

--
-- Table structure for table `roles`
--

CREATE TABLE `roles` (
  `role_id` int(11) NOT NULL,
  `role_name` varchar(50) NOT NULL,
  `created_at` timestamp NOT NULL DEFAULT current_timestamp()
) ENGINE=InnoDB DEFAULT CHARSET=utf8mb4 COLLATE=utf8mb4_general_ci;

--
-- Dumping data for table `roles`
--

INSERT INTO `roles` (`role_id`, `role_name`, `created_at`) VALUES
(1, 'admin', '2025-05-18 11:15:41'),
(2, 'user', '2025-05-18 11:15:41');

-- --------------------------------------------------------

--
-- Table structure for table `role_permissions`
--

CREATE TABLE `role_permissions` (
  `role_id` int(11) NOT NULL,
  `permission_id` int(11) NOT NULL
) ENGINE=InnoDB DEFAULT CHARSET=utf8mb4 COLLATE=utf8mb4_general_ci;

--
-- Dumping data for table `role_permissions`
--

INSERT INTO `role_permissions` (`role_id`, `permission_id`) VALUES
(1, 1),
(1, 2),
(1, 3),
(1, 4),
(1, 5),
(1, 6),
(1, 7),
(1, 8),
(1, 9),
(1, 10),
(1, 11),
(1, 12),
(1, 13),
(1, 14),
(1, 15),
(1, 16),
(1, 17),
(2, 5),
(2, 6),
(2, 7),
(2, 8),
(2, 9),
(2, 12);

-- --------------------------------------------------------

--
-- Table structure for table `sessions`
--

CREATE TABLE `sessions` (
  `id` varchar(128) NOT NULL,
  `user_id` int(11) DEFAULT NULL,
  `ip_address` varchar(45) DEFAULT NULL,
  `user_agent` text DEFAULT NULL,
  `payload` text DEFAULT NULL,
  `last_activity` timestamp NOT NULL DEFAULT current_timestamp() ON UPDATE current_timestamp(),
  `created_at` timestamp NOT NULL DEFAULT current_timestamp(),
  `expires_at` timestamp NOT NULL DEFAULT (current_timestamp() + interval 24 hour)
) ENGINE=InnoDB DEFAULT CHARSET=utf8mb4 COLLATE=utf8mb4_general_ci;

--
-- Dumping data for table `sessions`
--

INSERT INTO `sessions` (`id`, `user_id`, `ip_address`, `user_agent`, `payload`, `last_activity`, `created_at`, `expires_at`) VALUES
('0f33qn830cd82fm1ftmnso4gt6', 17, '::1', 'Mozilla/5.0 (Windows NT 10.0; Win64; x64) AppleWebKit/537.36 (KHTML, like Gecko) Chrome/136.0.0.0 Safari/537.36', NULL, '2025-05-21 11:33:56', '2025-05-21 11:33:56', '2025-05-22 11:33:56'),
('4njgrmbcn1k2fb2556sorqlobm', 1, '::1', 'Mozilla/5.0 (Windows NT 10.0; Win64; x64) AppleWebKit/537.36 (KHTML, like Gecko) Chrome/136.0.0.0 Safari/537.36', NULL, '2025-05-21 21:24:51', '2025-05-21 21:24:51', '2025-05-22 21:24:51'),
('89po46lptjjq8od1cueabbt0dp', 22, '::1', 'Mozilla/5.0 (Windows NT 10.0; Win64; x64) AppleWebKit/537.36 (KHTML, like Gecko) Chrome/136.0.0.0 Safari/537.36', NULL, '2025-05-21 21:00:02', '2025-05-21 20:52:09', '2025-05-22 20:54:45'),
('b9jp1c59lteu4r0d3nccm0ij2n', 20, '::1', 'Mozilla/5.0 (Windows NT 10.0; Win64; x64) AppleWebKit/537.36 (KHTML, like Gecko) Chrome/136.0.0.0 Safari/537.36', NULL, '2025-05-21 15:32:58', '2025-05-21 15:32:40', '2025-05-22 15:32:40'),
('esfcamun9g1n2t7lvm1q0ni3kj', 20, '::1', 'Mozilla/5.0 (Windows NT 10.0; Win64; x64) AppleWebKit/537.36 (KHTML, like Gecko) Chrome/136.0.0.0 Safari/537.36', NULL, '2025-05-21 17:39:11', '2025-05-21 17:39:01', '2025-05-22 17:39:01'),
('h5hnnc0pcqoun6h3skogqra264', 18, '::1', 'Mozilla/5.0 (Windows NT 10.0; Win64; x64) AppleWebKit/537.36 (KHTML, like Gecko) Chrome/136.0.0.0 Safari/537.36', NULL, '2025-05-21 19:08:41', '2025-05-21 19:08:41', '2025-05-22 19:08:41'),
('j74ieeavone5n5pu79hpi8husk', 30, '::1', 'Mozilla/5.0 (Windows NT 10.0; Win64; x64) AppleWebKit/537.36 (KHTML, like Gecko) Chrome/136.0.0.0 Safari/537.36', NULL, '2025-05-21 21:52:41', '2025-05-21 21:52:41', '2025-05-22 21:52:41'),
('lgm3g4sp69gsog98cjg92ofa4k', 31, '::1', 'Mozilla/5.0 (Windows NT 10.0; Win64; x64) AppleWebKit/537.36 (KHTML, like Gecko) Chrome/136.0.0.0 Safari/537.36', NULL, '2025-05-21 21:53:04', '2025-05-21 21:53:04', '2025-05-22 21:53:04'),
('lpfbtiatr1tu2vf5hk9np3g9l1', 1, '::1', 'Mozilla/5.0 (Windows NT 10.0; Win64; x64) AppleWebKit/537.36 (KHTML, like Gecko) Chrome/136.0.0.0 Safari/537.36', NULL, '2025-05-21 17:52:59', '2025-05-21 17:43:55', '2025-05-22 17:43:55');

-- --------------------------------------------------------

--
-- Table structure for table `system_logs`
--

CREATE TABLE `system_logs` (
  `log_id` int(11) NOT NULL,
  `user_id` int(11) DEFAULT NULL,
  `action` varchar(255) NOT NULL,
  `details` text DEFAULT NULL,
  `ip_address` varchar(45) DEFAULT NULL,
  `created_at` timestamp NOT NULL DEFAULT current_timestamp()
) ENGINE=InnoDB DEFAULT CHARSET=utf8mb4 COLLATE=utf8mb4_general_ci;

--
-- Dumping data for table `system_logs`
--

INSERT INTO `system_logs` (`log_id`, `user_id`, `action`, `details`, `ip_address`, `created_at`) VALUES
(1, 1, 'admin_login', 'Admin user logged in', '::1', '2025-05-18 11:28:31'),
(2, NULL, 'upload', 'Uploaded document: demoooooo', '::1', '2025-05-18 14:57:00'),
(3, NULL, 'download', 'Downloaded document: demoooooo', '::1', '2025-05-18 14:57:03'),
(4, NULL, 'sign', 'Signed document ID: 1', '::1', '2025-05-18 14:57:19'),
(5, NULL, 'download', 'Downloaded document: demoooooo', '::1', '2025-05-18 15:09:20'),
(6, NULL, 'sign', 'Signed document ID: 1', '::1', '2025-05-18 15:10:16'),
(7, NULL, 'download', 'Downloaded document: demoooooo', '::1', '2025-05-18 15:13:03'),
(8, NULL, 'download', 'Downloaded document: demoooooo', '::1', '2025-05-18 15:33:05'),
(9, NULL, 'upload', 'Uploaded document: dddddddd', '::1', '2025-05-18 15:34:35'),
(10, NULL, 'download', 'Downloaded document: dddddddd', '::1', '2025-05-18 15:34:42'),
(11, NULL, 'sign', 'Signed document ID: 2', '::1', '2025-05-18 15:34:44'),
(12, NULL, 'download', 'Downloaded document: dddddddd', '::1', '2025-05-18 15:34:48'),
(13, NULL, 'upload', 'Uploaded document: dddddd', '::1', '2025-05-18 15:43:48'),
(14, NULL, 'download', 'Downloaded document: dddddd', '::1', '2025-05-18 15:43:55'),
(15, NULL, 'download', 'Downloaded document: dddddd', '::1', '2025-05-18 15:43:59'),
(16, NULL, 'sign', 'Signed document ID: 3', '::1', '2025-05-18 15:46:15'),
(17, NULL, 'upload', 'Uploaded document: nbbbbbbbb', '::1', '2025-05-18 15:46:28'),
(18, NULL, 'download', 'Downloaded document: nbbbbbbbb', '::1', '2025-05-18 15:46:33'),
(19, NULL, 'sign', 'Signed document ID: 4', '::1', '2025-05-18 15:46:36'),
(20, NULL, 'upload', 'Uploaded document: bvvvv', '::1', '2025-05-18 15:52:51'),
(21, NULL, 'download', 'Downloaded document: bvvvv', '::1', '2025-05-18 15:52:53'),
(22, NULL, 'sign', 'Signed document ID: 5', '::1', '2025-05-18 15:52:57'),
(23, NULL, 'upload', 'Uploaded and signed document: vvvvvv', '::1', '2025-05-18 16:08:47'),
(24, NULL, 'upload', 'Uploaded and signed document: kkkkkkkkkkkkkkko', '::1', '2025-05-18 16:09:15'),
(25, NULL, 'download', 'Downloaded and verified document: kkkkkkkkkkkkkkko', '::1', '2025-05-18 16:10:34'),
(26, NULL, 'download', 'Downloaded and verified document: kkkkkkkkkkkkkkko', '::1', '2025-05-18 16:10:34'),
(27, NULL, 'download', 'Downloaded and verified document: kkkkkkkkkkkkkkko', '::1', '2025-05-18 16:10:43'),
(28, NULL, 'download', 'Downloaded and verified document: kkkkkkkkkkkkkkko', '::1', '2025-05-18 16:10:43'),
(29, NULL, 'download', 'Downloaded and verified document: kkkkkkkkkkkkkkko', '::1', '2025-05-18 16:10:46'),
(30, NULL, 'download', 'Downloaded and verified document: kkkkkkkkkkkkkkko', '::1', '2025-05-18 16:10:46'),
(31, NULL, 'upload', 'Uploaded and signed document: mhjhjhjhjh', '::1', '2025-05-18 16:12:32'),
(32, NULL, 'download', 'Downloaded and verified document: mhjhjhjhjh', '::1', '2025-05-18 16:12:35'),
(33, NULL, 'download', 'Downloaded and verified document: mhjhjhjhjh', '::1', '2025-05-18 16:12:35'),
(34, NULL, 'download', 'Downloaded and verified document: mhjhjhjhjh', '::1', '2025-05-18 16:14:21'),
(35, NULL, 'download', 'Downloaded and verified document: mhjhjhjhjh', '::1', '2025-05-18 16:14:21'),
(36, NULL, 'download', 'Downloaded and verified document: mhjhjhjhjh', '::1', '2025-05-18 16:14:22'),
(37, NULL, 'download', 'Downloaded and verified document: mhjhjhjhjh', '::1', '2025-05-18 16:14:22'),
(38, NULL, 'download', 'Downloaded and verified document: mhjhjhjhjh', '::1', '2025-05-18 16:14:26'),
(39, NULL, 'download', 'Downloaded and verified document: mhjhjhjhjh', '::1', '2025-05-18 16:14:26'),
(40, NULL, 'download', 'Downloaded and verified document: mhjhjhjhjh', '::1', '2025-05-18 16:14:27'),
(41, NULL, 'download', 'Downloaded and verified document: mhjhjhjhjh', '::1', '2025-05-18 16:14:27'),
(42, NULL, 'sign', 'Signed document ID: 8', '::1', '2025-05-18 16:17:03'),
(43, NULL, 'upload', 'Uploaded and signed document: vvcccccccv', '::1', '2025-05-18 16:22:13'),
(44, NULL, 'sign', 'Signed document ID: 9', '::1', '2025-05-18 16:22:25'),
(45, 1, 'delete_document', 'Deleted document: dddddddd (ID: 2)', '::1', '2025-05-18 16:28:09'),
(46, 1, 'delete_document', 'Deleted document: demoooooo (ID: 1)', '::1', '2025-05-18 16:28:14'),
(47, 16, 'upload', 'Uploaded and signed document: ', '::1', '2025-05-21 00:25:27'),
(48, 16, 'download', 'Downloaded and verified document: ', '::1', '2025-05-21 00:25:37'),
(49, 1, 'upload', 'Uploaded and signed document: iam the admin ', '::1', '2025-05-21 12:28:08'),
(50, 1, 'download', 'Downloaded and verified document: ', '::1', '2025-05-21 12:28:25'),
(51, 1, 'upload', 'Uploaded and signed document: as', '::1', '2025-05-21 12:33:08'),
(52, 1, 'upload', 'Uploaded and signed document: my name is adham', '::1', '2025-05-21 13:22:46'),
(53, 1, 'upload', 'Uploaded and signed document: serammm', '::1', '2025-05-21 13:23:31'),
(54, 1, 'edit_user', 'Updated user ID: 17', '::1', '2025-05-21 13:24:28'),
(55, 1, 'download', 'Downloaded and verified document: ', '::1', '2025-05-21 13:33:35'),
(56, 1, 'upload', 'Uploaded and signed document: sd', '::1', '2025-05-21 13:34:03'),
(57, 1, 'edit_user', 'Updated user ID: 17', '::1', '2025-05-21 13:34:38'),
(58, 17, 'upload', 'Uploaded and signed document: asa', '::1', '2025-05-21 13:35:11'),
(59, 17, 'download', 'Downloaded and verified document: asa', '::1', '2025-05-21 13:35:14'),
(60, 17, 'sign', 'Signed document ID: 16', '::1', '2025-05-21 13:35:35'),
(61, 17, 'delete_document', 'Document deleted: asa', '::1', '2025-05-21 13:35:39'),
(62, 17, 'upload', 'Uploaded and signed document: xc', '::1', '2025-05-21 13:39:28'),
(63, 17, 'download', 'Downloaded and verified document: xc', '::1', '2025-05-21 13:39:38'),
(64, 17, 'download', 'Downloaded and verified document: xc', '::1', '2025-05-21 13:39:48'),
(65, 17, 'share_document', 'Shared document ID: 17 with user: omar', '::1', '2025-05-21 13:41:59'),
(66, 18, 'download', 'Downloaded and verified document: xc', '::1', '2025-05-21 13:42:20'),
(67, 1, 'download', 'Downloaded and verified document: xc', '::1', '2025-05-21 13:42:46'),
(68, 1, 'upload', 'Uploaded and signed document: omat admin', '::1', '2025-05-21 13:46:22'),
(69, 1, 'delete_document', 'Document deleted: omat admin', '::1', '2025-05-21 13:48:40'),
(70, 1, 'delete_document', 'Deleted document: omat admin (ID: 18)', '::1', '2025-05-21 13:48:40'),
(71, 1, 'delete_document', 'Document deleted: xc', '::1', '2025-05-21 13:48:43'),
(72, 1, 'delete_document', 'Deleted document: xc (ID: 17)', '::1', '2025-05-21 13:48:43'),
(73, 1, 'upload', 'Uploaded and signed document: kareem', '::1', '2025-05-21 13:49:08'),
(74, 1, 'download', 'Downloaded and verified document: kareemahmed', '::1', '2025-05-21 13:50:42'),
(75, 1, 'download', 'Downloaded and verified document: kareemahmed', '::1', '2025-05-21 13:50:56'),
(76, 1, 'upload', 'Uploaded and signed document: ibrahim', '::1', '2025-05-21 13:51:27'),
(77, 1, 'download', 'Downloaded and verified document: ibrahim', '::1', '2025-05-21 13:51:43'),
(78, 17, 'download', 'Downloaded and verified document: ibrahim', '::1', '2025-05-21 13:52:32'),
(79, 17, 'download', 'Downloaded and verified document: ibrahim', '::1', '2025-05-21 13:53:58'),
(80, 17, 'download', 'Downloaded and verified document: ibrahim', '::1', '2025-05-21 13:54:13'),
(81, 1, 'upload', 'Uploaded and signed document: as', '::1', '2025-05-21 13:59:39'),
(82, 1, 'delete_document', 'Document deleted: as', '::1', '2025-05-21 14:01:16'),
(83, 1, 'delete_document', 'Deleted document: as (ID: 21)', '::1', '2025-05-21 14:01:16'),
(84, 1, 'delete_document', 'Document deleted: ibrahim', '::1', '2025-05-21 14:01:21'),
(85, 1, 'delete_document', 'Deleted document: ibrahim (ID: 20)', '::1', '2025-05-21 14:01:21'),
(86, 1, 'upload', 'Uploaded and signed document: sd', '::1', '2025-05-21 14:19:40'),
(87, 21, 'upload', 'Uploaded and signed document: data_kareem', '::1', '2025-05-21 17:07:39'),
(88, 21, 'sign', 'Signed document ID: 23', '::1', '2025-05-21 17:08:09'),
(89, 17, 'upload', 'Uploaded and signed document: serasa', '::1', '2025-05-21 17:24:15'),
(90, 17, 'share_document', 'Shared document ID: 24 with user: kareem', '::1', '2025-05-21 17:24:27'),
(91, 21, 'download', 'Downloaded and verified document: serasa', '::1', '2025-05-21 17:25:32'),
(92, 21, 'sign', 'Signed document ID: 23', '::1', '2025-05-21 17:29:12'),
(93, 21, 'upload', 'Uploaded and signed document: iam the gon', '::1', '2025-05-21 17:32:32'),
(94, 21, 'download', 'Downloaded and verified document: iam the gon', '::1', '2025-05-21 17:32:35'),
(95, 21, 'download', 'Downloaded and verified document: serasa', '::1', '2025-05-21 17:33:14'),
(96, 1, 'download', 'Downloaded and verified document: iam the gon', '::1', '2025-05-21 17:41:45'),
(97, 1, 'download', 'Downloaded and verified document: iam the gon', '::1', '2025-05-21 17:42:04'),
(98, 1, 'upload', 'Uploaded and signed document: as', '::1', '2025-05-21 17:43:06'),
(99, 1, 'upload', 'Uploaded and signed document: sss', '::1', '2025-05-21 17:45:26'),
(100, 1, 'download', 'Downloaded and verified document: iam the gon', '::1', '2025-05-21 17:46:16'),
(101, 21, 'download', 'Downloaded and verified document: iam the gon', '::1', '2025-05-21 18:41:36'),
(102, 21, 'sign', 'Signed document ID: 25', '::1', '2025-05-21 18:42:15'),
(103, 21, 'download', 'Downloaded and verified document: iam the gon', '::1', '2025-05-21 18:42:18'),
(104, 21, 'share_document', 'Shared document ID: 25 with user: omar', '::1', '2025-05-21 18:42:48'),
(105, 18, 'download', 'Downloaded and verified document: iam the gon', '::1', '2025-05-21 18:43:25'),
(106, 1, 'download', 'Downloaded and verified document: iam the gon', '::1', '2025-05-21 18:44:01'),
(107, 1, 'upload', 'Uploaded and signed document: manager', '::1', '2025-05-21 18:44:21'),
(108, 1, 'upload', 'Uploaded and signed document: dasa', '::1', '2025-05-21 18:45:25'),
(109, 1, 'download', 'Downloaded and verified document: dasa', '::1', '2025-05-21 18:46:14'),
(110, 1, 'delete_document', 'Document deleted: dasa', '::1', '2025-05-21 18:48:40'),
(111, 1, 'delete_document', 'Deleted document: dasa (ID: 29)', '::1', '2025-05-21 18:48:40'),
(112, 1, 'delete_document', 'Document deleted: manager', '::1', '2025-05-21 18:48:46'),
(113, 1, 'delete_document', 'Deleted document: manager (ID: 28)', '::1', '2025-05-21 18:48:46'),
(114, 1, 'upload', 'Uploaded and signed document: serassss', '::1', '2025-05-21 18:52:01'),
(115, 1, 'download', 'Downloaded and verified document: serassss', '::1', '2025-05-21 18:52:52'),
(116, 1, 'download', 'Downloaded and verified document: serassss', '::1', '2025-05-21 18:53:06'),
(117, 1, 'upload', 'Uploaded and signed document: sdasasas', '::1', '2025-05-21 18:53:22'),
(118, 1, 'upload', 'Uploaded and signed document: num5', '::1', '2025-05-21 19:08:38'),
(119, 1, 'download', 'Downloaded and verified document: num5', '::1', '2025-05-21 19:08:53'),
(120, 1, 'upload', 'Uploaded and signed document: das', '::1', '2025-05-21 19:18:51'),
(121, 1, 'upload', 'Uploaded and signed document: asa', '::1', '2025-05-21 19:19:33'),
(122, 1, 'download', 'Downloaded and verified document: asa', '::1', '2025-05-21 19:19:49'),
(123, 1, 'download', 'Downloaded and verified document: asa', '::1', '2025-05-21 19:20:59'),
(124, 1, 'upload', 'Uploaded and signed document: mares', '::1', '2025-05-21 19:21:38'),
(125, 1, 'download', 'Downloaded and verified document: mares', '::1', '2025-05-21 19:21:47'),
(126, 1, 'download', 'Downloaded and verified document: mares', '::1', '2025-05-21 19:25:32'),
(127, 1, 'delete_document', 'Document deleted: mares', '::1', '2025-05-21 19:25:39'),
(128, 1, 'delete_document', 'Deleted document: mares (ID: 35)', '::1', '2025-05-21 19:25:39'),
(129, 1, 'delete_document', 'Document deleted: asa', '::1', '2025-05-21 19:25:43'),
(130, 1, 'delete_document', 'Deleted document: asa (ID: 34)', '::1', '2025-05-21 19:25:43'),
(131, 1, 'delete_document', 'Document deleted: das', '::1', '2025-05-21 19:25:47'),
(132, 1, 'delete_document', 'Deleted document: das (ID: 33)', '::1', '2025-05-21 19:25:47'),
(133, 1, 'upload', 'Uploaded and signed document: ssssssssa', '::1', '2025-05-21 19:25:58'),
(134, 1, 'download', 'Downloaded and verified document: ssssssssa', '::1', '2025-05-21 19:26:02'),
(135, 1, 'download', 'Downloaded and verified document: num5', '::1', '2025-05-21 19:26:37'),
(136, 1, 'upload', 'Uploaded and signed document: adhama', '::1', '2025-05-21 19:36:59'),
(137, 1, 'download', 'Downloaded and verified document: adhama', '::1', '2025-05-21 19:37:08'),
(138, 1, 'upload', 'Uploaded and signed document: hello', '::1', '2025-05-21 19:39:51'),
(139, 1, 'download', 'Downloaded and verified document: hello', '::1', '2025-05-21 19:40:09'),
(140, 1, 'delete_document', 'Document deleted: hello', '::1', '2025-05-21 19:49:55'),
(141, 1, 'delete_document', 'Deleted document: hello (ID: 38)', '::1', '2025-05-21 19:49:55'),
(142, 1, 'upload', 'Uploaded and signed document: mohmmaed', '::1', '2025-05-21 19:50:30'),
(143, 1, 'download', 'Downloaded and verified document: mohmmaed', '::1', '2025-05-21 19:51:16'),
(144, 1, 'upload', 'Uploaded and signed document: hamadda', '::1', '2025-05-21 19:55:31'),
(145, 1, 'download', 'Downloaded and verified document: hamadda', '::1', '2025-05-21 19:56:13'),
(146, 18, 'upload', 'Uploaded and signed document: sssssss', '::1', '2025-05-21 19:57:30'),
(147, 18, 'download', 'Downloaded and verified document: sssssss', '::1', '2025-05-21 19:57:32'),
(148, 18, 'sign', 'Signed document ID: 41', '::1', '2025-05-21 19:57:42'),
(149, 18, 'download', 'Downloaded and verified document: sssssss', '::1', '2025-05-21 20:06:22'),
(150, 18, 'upload', 'Uploaded and signed document: dsd', '::1', '2025-05-21 20:06:34'),
(151, 18, 'download', 'Downloaded and verified document: dsd', '::1', '2025-05-21 20:06:38'),
(152, 18, 'download', 'Downloaded and verified document: sssssss', '::1', '2025-05-21 20:06:39'),
(153, 18, 'download', 'Downloaded and verified document: sssssss', '::1', '2025-05-21 20:07:12'),
(154, 18, 'download', 'Downloaded and verified document: seram', '::1', '2025-05-21 20:07:14'),
(155, 1, 'upload', 'Uploaded and signed document: ssssss', '::1', '2025-05-21 20:07:58'),
(156, 1, 'download', 'Downloaded and verified document: ssssss', '::1', '2025-05-21 20:08:01'),
(157, 18, 'download', 'Downloaded and verified document: ssssss', '::1', '2025-05-21 20:08:47'),
(158, 22, 'upload', 'Uploaded and signed document: New Document', '::1', '2025-05-21 21:22:11'),
(159, 22, 'download', 'Downloaded document ID: 44', NULL, '2025-05-21 21:47:25'),
(160, 22, 'upload', 'Uploaded and signed document: from Naser', NULL, '2025-05-21 21:50:09'),
(161, 22, 'download', 'Downloaded document ID: 45', NULL, '2025-05-21 21:50:15'),
(162, 22, 'download', 'Downloaded document ID: 45', NULL, '2025-05-21 21:50:16'),
(163, 22, 'download', 'Downloaded document ID: 45', NULL, '2025-05-21 21:52:15'),
(164, 22, 'delete', 'Deleted document: from Naser', NULL, '2025-05-21 21:56:09'),
(165, 22, 'upload', 'Uploaded and signed document: naser', NULL, '2025-05-21 21:58:38'),
(166, 22, 'download', 'Downloaded document ID: 46', NULL, '2025-05-21 22:00:18'),
(167, 22, 'download', 'Downloaded document ID: 46', NULL, '2025-05-21 22:01:47'),
(168, 22, 'upload', 'Uploaded and signed document: new naser', NULL, '2025-05-21 22:02:52'),
(169, 22, 'sign', 'Signed document ID: 47', NULL, '2025-05-21 22:05:54'),
(170, 22, 'download', 'Downloaded document ID: 47', NULL, '2025-05-21 22:06:05'),
(171, 1, 'delete', 'Deleted document: ssssss', NULL, '2025-05-21 22:13:51'),
(172, 1, 'download', 'Downloaded document ID: 46', NULL, '2025-05-21 22:14:02'),
(173, 1, 'download', 'Downloaded document ID: 47', NULL, '2025-05-21 22:14:04'),
(174, 1, 'delete_user', 'Deleted user ID: 14', '::1', '2025-05-21 22:28:24'),
(175, 1, 'delete_user', 'Deleted user ID: 15', '::1', '2025-05-21 22:28:31'),
(176, 1, 'edit_user', 'Updated user ID: 5', '::1', '2025-05-21 22:29:00'),
(177, 1, 'download', 'Downloaded document ID: 47', NULL, '2025-05-21 22:29:29'),
(178, 1, 'download', 'Downloaded document ID: 46', NULL, '2025-05-21 22:29:33'),
(179, 1, 'download', 'Downloaded document ID: 47', NULL, '2025-05-21 22:29:49'),
(180, 1, 'download', 'Downloaded document ID: 46', NULL, '2025-05-21 22:29:53'),
(181, 1, 'delete', 'Deleted document ID: 46', '::1', '2025-05-21 22:36:14'),
(182, 1, 'edit_user', 'Updated user ID: 27', '::1', '2025-05-21 22:39:41'),
(183, 1, 'edit_user', 'Updated user ID: 26', '::1', '2025-05-21 22:39:48'),
(184, 29, 'upload', 'Uploaded and signed document: from ramyff', NULL, '2025-05-21 22:42:39'),
(185, 29, 'download', 'Downloaded document ID: 48', NULL, '2025-05-21 22:42:43'),
(186, 29, 'sign', 'Signed document ID: 48', NULL, '2025-05-21 22:42:56'),
(187, 28, 'edit_user', 'Updated user ID: 28', '::1', '2025-05-21 22:47:38'),
(188, 28, 'upload', 'Uploaded and signed document: Kero to ramy', NULL, '2025-05-21 22:48:14'),
(189, 29, 'download', 'Downloaded document ID: 49', NULL, '2025-05-21 22:49:35');

-- --------------------------------------------------------

--
-- Table structure for table `users`
--

CREATE TABLE `users` (
  `id` int(11) NOT NULL,
  `username` varchar(50) NOT NULL,
  `email` varchar(100) NOT NULL,
  `password` varchar(255) NOT NULL,
  `google_id` varchar(255) DEFAULT NULL,
  `github_id` varchar(255) DEFAULT NULL,
  `okta_id` varchar(255) DEFAULT NULL,
  `auth_method` enum('manual','github','google','okta') NOT NULL DEFAULT 'manual',
  `profile_picture` varchar(255) DEFAULT NULL,
  `is_active` tinyint(1) DEFAULT 1,
  `is_verified` tinyint(1) DEFAULT 0,
  `verification_token` varchar(255) DEFAULT NULL,
  `status` enum('pending','active','inactive') DEFAULT 'pending',
  `mfa_enabled` tinyint(1) DEFAULT 0,
  `created_at` timestamp NOT NULL DEFAULT current_timestamp(),
  `updated_at` timestamp NOT NULL DEFAULT current_timestamp() ON UPDATE current_timestamp(),
  `role_id` int(11) DEFAULT NULL
) ENGINE=InnoDB DEFAULT CHARSET=utf8mb4 COLLATE=utf8mb4_general_ci;

--
-- Dumping data for table `users`
--

INSERT INTO `users` (`id`, `username`, `email`, `password`, `google_id`, `github_id`, `okta_id`, `auth_method`, `profile_picture`, `is_active`, `is_verified`, `verification_token`, `status`, `mfa_enabled`, `created_at`, `updated_at`, `role_id`) VALUES
(1, 'System Admin', 'admin@system.com', '$2y$10$92IXUNpkjO0rOQ5byMi.Ye4oKoEa3Ro9llC/.og/at2.uheWG/igi', NULL, NULL, NULL, 'manual', NULL, 1, 1, NULL, 'active', 0, '2025-05-18 11:15:41', '2025-05-18 11:15:41', 1),
(5, 'Abbas', 'abbas@gmail.com', '$2y$10$jpmhgqjFuu3STs1jYcNcF.By.97oGXao.jyfRYDB9LIvIpCPGMXia', NULL, NULL, NULL, '', NULL, 1, 0, NULL, 'active', 0, '2025-05-18 15:41:05', '2025-05-21 22:29:00', 2),
(10, '', 'kareem.helmii@gmail.com', '$2y$10$Tyx.OE55oDk/RSlYPqDxsO.2o9p5nwlkqUGd1WMpNwHmec89Ukt/O', NULL, NULL, NULL, 'google', NULL, 1, 0, NULL, 'active', 0, '2025-05-18 16:08:39', '2025-05-18 17:15:43', 2),
(16, 'adhem ahmed', 'adhema961@gmail.com', '', NULL, NULL, 'google-oauth2|110257075504805698876', 'okta', NULL, 1, 0, NULL, 'active', 0, '2025-05-21 00:24:30', '2025-05-21 18:39:37', 2),
(17, 'adham', 'adham1@gmail.com', '$2y$10$xtMYFldmlc//6VEVx5FEUOvuuUuPKEo7ixQVfIoqJNtB8hNNW3lo6', NULL, NULL, NULL, 'manual', NULL, 1, 0, NULL, 'active', 1, '2025-05-21 12:07:17', '2025-05-21 13:34:38', 2),
(18, 'omar', 'omar@gmail.com', '$2y$10$fdv4K2BOOlrmjpOoiY6PZOgKin/tKtK6Jlhx1Do37hdMrgm/JW5ZS', NULL, NULL, NULL, 'manual', NULL, 1, 0, NULL, 'active', 1, '2025-05-21 13:41:04', '2025-05-21 13:41:29', 2),
(20, 'Adham123-prog', '2205087@anu.edu.eg', '', NULL, '182014179', NULL, 'github', NULL, 1, 0, NULL, 'active', 0, '2025-05-21 16:32:40', '2025-05-21 18:39:01', 2),
(21, 'kareem', 'kareem@gmail.com', '$2y$10$FcWgKpTqM8E26qpuZr2gJe4S08hK.Wy9/SwzhMf7S9sgeJ32GCgJS', NULL, NULL, NULL, 'manual', NULL, 1, 0, NULL, 'active', 1, '2025-05-21 17:05:49', '2025-05-21 17:08:55', 2),
(22, 'Naser', 'naser@gmail.com', '$2y$10$pmYVy49nJKHYDLr6dif4/O16Dy0pt65cIyiCKycjMSc40ZWhEYxPW', NULL, NULL, NULL, 'manual', NULL, 1, 0, NULL, 'active', 1, '2025-05-21 21:02:56', '2025-05-21 21:49:38', 2),
(23, 'Basel', 'basel@gmail.com', '$2y$10$Nsya7hYSLteMr2s7K378ouom.EJStuoORHPDuEVlOefnaaJHROiCm', NULL, NULL, NULL, 'manual', NULL, 1, 0, NULL, 'active', 1, '2025-05-21 22:07:05', '2025-05-21 22:21:21', 2),
(24, 'Mohab', 'mohab@gmail.com', '$2y$10$BE6Og/uAKkZFSldP./utuuhIwVdnup39us7TEIAnlDivZvwJQCR8i', NULL, NULL, NULL, 'manual', NULL, 1, 0, NULL, 'active', 1, '2025-05-21 22:24:02', '2025-05-21 22:25:03', 2),
(25, 'menna', 'menna@gmail.com', '$2y$10$Mh8.f4WdVqcPFpITq63P7.J1YgtvGIzGqt8l4RJtNNYt1fh59HwoO', NULL, NULL, NULL, 'manual', NULL, 1, 0, NULL, 'active', 1, '2025-05-21 22:31:11', '2025-05-21 22:32:31', 2),
(28, 'Kero', 'kero@gmail.com', '$2y$10$3aGDjXN6Yp2a0sOmSyJpNexAKa2Bcf/3OvjcgL6Ma77jBrccHNNJe', NULL, NULL, NULL, 'manual', NULL, 1, 0, NULL, 'active', 0, '2025-05-21 22:41:37', '2025-05-21 22:47:38', 2),
(29, 'ramy1', 'ramy1@gmail.com', '$2y$10$CQyJaMHbhZT/h6QLENwNvOeCmsa4a6xu7QRmm96VHgDAZIdXhHyRG', NULL, NULL, NULL, 'manual', NULL, 1, 0, NULL, 'active', 0, '2025-05-21 22:41:57', '2025-05-21 22:50:13', 2),
(30, 'Omar3443', 'omar.magdy3443728@gmail.com', '', NULL, '139278558', NULL, 'github', NULL, 1, 0, NULL, 'active', 0, '2025-05-21 22:52:41', '2025-05-21 22:52:41', 2),
(31, 'Omar Magdy', 'omarr.elkhazendar@gmail.com', '', NULL, NULL, 'google-oauth2|116046072616793089377', 'okta', NULL, 1, 0, NULL, 'active', 0, '2025-05-21 22:53:04', '2025-05-21 22:53:04', 2),
(32, 'omarmagdyyy14_95d0', 'omarmagdyyy14@gmail.com', '', '105127838779589286448', NULL, NULL, 'google', 'https://lh3.googleusercontent.com/a/ACg8ocInhh17awnDz4hWj5NymUlOKGYTbplsCsGsIHF9aPwlIbRczA=s96-c', 1, 0, NULL, 'active', 0, '2025-05-21 23:26:36', '2025-05-21 23:26:36', NULL);

-- --------------------------------------------------------

--
-- Table structure for table `user_keys`
--

CREATE TABLE `user_keys` (
  `key_id` int(11) NOT NULL,
  `user_id` int(11) NOT NULL,
  `public_key` text NOT NULL,
  `private_key_encrypted` text NOT NULL,
  `created_at` timestamp NOT NULL DEFAULT current_timestamp(),
  `updated_at` timestamp NOT NULL DEFAULT current_timestamp() ON UPDATE current_timestamp()
) ENGINE=InnoDB DEFAULT CHARSET=utf8mb4 COLLATE=utf8mb4_general_ci;

--
-- Dumping data for table `user_keys`
--

INSERT INTO `user_keys` (`key_id`, `user_id`, `public_key`, `private_key_encrypted`, `created_at`, `updated_at`) VALUES
(2, 16, '-----BEGIN PUBLIC KEY-----\nMIIBIjANBgkqhkiG9w0BAQEFAAOCAQ8AMIIBCgKCAQEArXblr7OGc0ZiA+9+Jcle\n7TmTIr/nVrcJu9UZ2xaDIHZNxGrWuxLUkuQ8mJ0q/dTyneiKuibXN0HAj9ah3y2z\nM5BzD4KFRgk/0C9Ac6TAqprFM1MbUl5XH6BaYVTVfuzLfRgEdGQIG9Tyz7mkIo88\nhZ+n5LbgeLAlVrCyRFGo/zxKmw8WSMhIcmw6u6v0i87wTmxsFyI73LXYadIAosPt\nd0PrBV+/61W/oICWs2olMaKr625c1Nj7p2UY3fvAGgPigezOBbNUFZe1uQaxhmSl\nlnM/7jzI8yiuLn6kL4RAVBm7X1Fgeqo/pedSaBBa6pes/BoalTlqfB+yRtXcObWG\niQIDAQAB\n-----END PUBLIC KEY-----\n', 'LS0tLS1CRUdJTiBQUklWQVRFIEtFWS0tLS0tCk1JSUV2Z0lCQURBTkJna3Foa2lHOXcwQkFRRUZBQVNDQktnd2dnU2tBZ0VBQW9JQkFRQ3RkdVd2czRaelJtSUQKNzM0bHlWN3RPWk1pditkV3R3bTcxUm5iRm9NZ2RrM0VhdGE3RXRTUzVEeVluU3I5MVBLZDZJcTZKdGMzUWNDUAoxcUhmTGJNemtITVBnb1ZHQ1QvUUwwQnpwTUNxbXNVelV4dFNYbGNmb0ZwaFZOVis3TXQ5R0FSMFpBZ2IxUExQCnVhUWlqenlGbjZma3R1QjRzQ1ZXc0xKRVVhai9QRXFiRHhaSXlFaHliRHE3cS9TTHp2Qk9iR3dYSWp2Y3RkaHAKMGdDaXcrMTNRK3NGWDcvclZiK2dnSmF6YWlVeG9xdnJibHpVMlB1blpSamQrOEFhQStLQjdNNEZzMVFWbDdXNQpCckdHWktXV2N6L3VQTWp6S0s0dWZxUXZoRUJVR2J0ZlVXQjZxaitsNTFKb0VGcnFsNno4R2hxVk9XcDhIN0pHCjFkdzV0WWFKQWdNQkFBRUNnZ0VBQWtSYUJ4eFJCd09sOTBnemZWbnU0Q25POXZiTUZyR0lzb2c3OE1XUURDWVAKcVIvK1UyNlJFYVJpK0ZtaGZMVENRUGNQalJSQjNzcUFza0NMV0FmWVhqV21rMDdRNEJQeDNnNG9DUHJmdTdzUApGYmNoMWNjKzJ6NTB2KzNrWm1iQTJBOHV5N2ljOUlRcGNqYUtZeHM5SHIveDZVYk1remMySGJac2RnRWROTXkyCjZKRWpGTFNFSy9rK2tselBQclBHN3AzazdkUGdJN2VhRmh5bm5acHVrNm52cHpXMExTZUZlWXZqeUhhLytIaDgKWXJTUGU3c2ZBL21IN2diNU50NFd2MjExWjl3N2I3bWVzSTVpZnVOMkFGMlpHQStVaFI1QjVtNFN1L1NPL20xSgpNR2VzTTVyQklCMjdxK1M1eHRwcGF6ZWFpT2F3TE8vSUF0eVZVTlZ2NndLQmdRRFd2ZGNFZTBWNWxnL3IwMkZlCnc4RVU1Q21lS0dYWDJFZUZSbUJVcjBITnpFb2lPeHUyT3RKS01yUldGckZhTnhwNXI2NFptQzR5dVJidGxJdHcKVDRzOFFYTFRsWGQ5eGNEcDIrUkZJVy9YdXl5UDFXYm1Fb0lWcVM3Vk9WN251a0FEQUZmbE5PYTV2N2FRMmR1OApVSzJ1MFMzRXpIK3p4TWxVc3VWTTRVUVZWd0tCZ1FET3l0TFp6dE94M3hOZGhXVGErSjRJSVlodXEyVDVsWjZuCmd0NFozYXpQcjVyS3NIUlh2ZzNPZW1SS0VpMFV2Ujk2VzcrYnhXRGltMWxuOGI0Ly8wakszRytSSWk2WTV3K2MKYjk0Y2drS3l0WllPTXp3N2NIdlpVdlRsaE8yZVB6UHpXRXB5K0YwNzBCMWtRNE41MEdlK25XUkRzeU4vaUpMbwpFakZkd1NEM0h3S0JnUUNwMUIxV2gvOGI5MWZFRTdvdjdmU25od0o2K0V3QzlpTXAvY3gxYk4xSDJzYk9aNXkwCjg3UVh4aDNrNzdGM1Baa01uNm02eUNYUks1dzhiSHdTYUhZZlEwdUNsZlNZWFdzQ0NFdHhlTTR3K1BCM0dEaDIKd0RCczNRNFN4M3FOSFRrK3BtamM5b2Q2WTJvSkNLTEZQYkQrVHFRNXZkbEkzTnEweDM2YzNKS3hwUUtCZ1FDbgpDQjBYNFlBTkJHclg5NDluYjduMlIxKzBSS3pqREgrQ1BxcTNxZDZVUXZ0OUROcHNwUTd4NE5weEdnMWYyd002CkNqSFMyTE5SVnJuNHc4TXdYanVsNERnZHVzWjRxdXBwS2RMMnBDREx5UERUdDM3SFpDd2xkbVJwbjkxdkhRNFIKV1JlSmxpTjQxTGxvNnorZmZUN1BNTUowREpaM3hSRWtjczE5TlNvemNRS0JnQ1hlYjRHMTc2cEJZR0dlZWVTSAo0dTFIaTRBQm5uek45emxVMUgydHFQZXc3U2t5MVFTMWFMTUlLZmVQY3ZIMzN0dXJaMW55andjSDJtV3IvZC9RCkg4RE1XSmdYTHJ3YThDVUw5YkRBck1VcnVIVnRScGdOR3JrbEc3M3hhOU8ydWR0dzlQWHUwYW9yQU0zZDdpQ2wKRXhQTzF4ZlN3R2hWY2lhOGVPZGxSWFVvCi0tLS0tRU5EIFBSSVZBVEUgS0VZLS0tLS0K', '2025-05-21 00:25:27', '2025-05-21 00:25:27'),
(3, 1, '-----BEGIN PUBLIC KEY-----\nMIIBIjANBgkqhkiG9w0BAQEFAAOCAQ8AMIIBCgKCAQEA0O3x12yQn6q+Eu2qbMJc\nqwT9LvCJBG7mgTxtsBLU04snH1XGDTi40OyZMUF5x1TGAeQLtdOxpZnUKOAFXeIr\n152yaAibAsQCJ9IUZ1T+1BcpEMcG0E83ndRzi+4stUSkfovYqOeOTbSnoxJ82Ndm\nfInQiseG/+Pky0PVD31bBpHGJ6K6Ow+oKZo/hW4BoJ3z6/YZbuFmhYKJSQzPXCxE\nuweUCb8S4OPbwMlgatCPfA+cpQd2eLzs7X8IIFcNM/6tS4RNfEMb8KbAiQmbzZON\nQrF9jxr3OpHBWm2ee7bu1FoLVOXcBw/AI4NtNcz1tMHQOezmW/gbK0A513PHwJqO\nHQIDAQAB\n-----END PUBLIC KEY-----\n', 'LS0tLS1CRUdJTiBQUklWQVRFIEtFWS0tLS0tCk1JSUV2QUlCQURBTkJna3Foa2lHOXcwQkFRRUZBQVNDQktZd2dnU2lBZ0VBQW9JQkFRRFE3ZkhYYkpDZnFyNFMKN2Fwc3dseXJCUDB1OElrRWJ1YUJQRzJ3RXRUVGl5Y2ZWY1lOT0xqUTdKa3hRWG5IVk1ZQjVBdTEwN0dsbWRRbwo0QVZkNGl2WG5iSm9DSnNDeEFJbjBoUm5WUDdVRnlrUXh3YlFUemVkMUhPTDdpeTFSS1IraTlpbzU0NU50S2VqCkVuelkxMlo4aWRDS3g0Yi80K1RMUTlVUGZWc0drY1lub3JvN0Q2Z3BtaitGYmdHZ25mUHI5aGx1NFdhRmdvbEoKRE05Y0xFUzdCNVFKdnhMZzQ5dkF5V0JxMEk5OEQ1eWxCM1o0dk96dGZ3Z2dWdzB6L3ExTGhFMThReHZ3cHNDSgpDWnZOazQxQ3NYMlBHdmM2a2NGYWJaNTd0dTdVV2d0VTVkd0hEOEFqZzIwMXpQVzB3ZEE1N09aYitCc3JRRG5YCmM4ZkFtbzRkQWdNQkFBRUNnZ0VBRUxjY3ZHYTE2bVJMYVRIRkN3Y0F5WGp3ZFo4dVl5R3BST2tzQUdSOVRRQnEKekoyODV1VmxHZWYzK0tJYnAxZ3ZzRXFKcWs0cHZnMUExVlZZOEpJdC9rWGlWbUxyM2V5SEhKNzQzV3lHSjd0RApvSkUveVE0eGJhbm41YWZVUVZ0Z3lyUVBEVEpiWnZtZldOTmJsRENsaFN5MGQ4bnZVYzB1aXBtZWMrc01TNG5jCmRBdXBFN1QraGI1YS9pM1FvQVdnQ3BmelFqdTlsREg4ay9SekV0K2RnV2o1RjNsZUdVUkpaZmxtV3dyaGhnUHkKYUlJU05xTWtCNUptN0VvNTdSSVFyY2d3MWhxOTB4L25UOU5XN3VkS3A2RDVzRDc3RDd4Tm5pOWVtYjdUSUNTZQpid05aY0p3NDRxc3p5bnNjMHpIa21sSnZ1S3FLVTZLbDJJYVVhMEgzeVFLQmdRRCtNYVY4RlNjbDh2aFl3R1lFCjAyQzRmb2pZY0FqOWhOOU1UbDF6VXFGdWVTdTl3eVREbm9sZHhxbXk3NmNHWWs0UFVUWkJabXhRVnJXdkxrTnQKZnA5dzVoQ1hYWEJLL3EybTFkeWovektXUjYxZVN4ampZQTN0WkF4RDJHdTkyYlRXNit6dDFGUStWeW5KbGh4RwpzNU9TcGx6RVNqTUhvM2xaekJwNjBxcFRkUUtCZ1FEU2FmZDV1SDBZYVRKRHRLd1BhWEVJTXg1SmhNVi84T2FVCkdQZVlIK3RTQnM1c0h3NklmK1B3RGkwV25adlV0ZTk1czd2N2I2QS9zSTZja2hSOS9pVkg4MmRtM1JDbjlxTUoKckpueHVsTkVQOTFnWC9DVlUzajFuWXRkcncxSnRkb0VYMURSTXNMYStEb2Y4bWRsSVV2dmtZanQ2RTRONVE3QwpHemh4dHU1RENRS0JnRVZBdzJRbDR5K01uYXFZYUhNQ0g4VEQvSVp6SjQvaVptL0VuZU13YlBqTEhHYXJ4dFZnCjJPM3FsUXRDRFpCSXNobXNONHJqMjdpYmx3NHVIWUswVDc0VGdBdXRFazNzU3VVOE9NdVpXRy9uQVUzQ1NmcVEKamRyU09pRTEwa3k4Qm0vVGdRNWVuY0VLUUVGQ20xdUx5elhXQzBvVEtRbjR1TFFGVG1XT0JZZU5Bb0dBY1lMZgpFZGc0RENJOERwQjZQZm81RXg1WW1YcTUvUkpkb2NseVVLdnZqQm5GNUVoQTA5eUNmKzkxM1h4N0k1NWVxWDRQCnpFM2sybGNLS0djYURQbzg3SHJmN25zVjBEYmFyNDVnb2lwTlgwVkF6UXdVd3NuOE9DeWNrWmF0Q1hYRVBwV1oKQ0xKa3NqSTFVU1M1S0xKMHY3SDRkN2ZaMjk4VlBodm5NRmxxWWRrQ2dZQjNzOTBnbysvekxtdWNaNUFmb21JagppU2RBUWg0ZGNFVW1VVklYd2dHdUY2YVF5UWRFYkI1Z0RvbVhtTzZNRXpNV0FmMWszeGpPUnNrbE9XVVAxRlFKClVEanZvcC9BRGF2MGNZczNrdFZvbkVicmMzVlVtK0p3eEFZMFBBUVNOdjZIbnpCSGlqTElrdTl3ZlVLTGdjcmoKdndab2p5OEQ4U0k4SGhaNXlLTXZIUT09Ci0tLS0tRU5EIFBSSVZBVEUgS0VZLS0tLS0K', '2025-05-21 12:28:08', '2025-05-21 12:28:08'),
(4, 17, '-----BEGIN PUBLIC KEY-----\nMIIBIjANBgkqhkiG9w0BAQEFAAOCAQ8AMIIBCgKCAQEAx7GgWIJhXM5qcjXswN9z\nSj9uEaQzffP6EQKkW1J+O0jTCmgJrfyetyckaF4QDmly6lXIP5aeMCizpOmVLNHU\nTHyoeZBieECVE/0uQJ/asPw3KHLKEgFa+Lou8KZdm4gBgLSMPaGVWpJViBtdD7JK\nnS7xXVres4xZFwltccW5fV3GN4T/juqNiAd7uqTHbMBIHtlt2OzgH5nxuQCbsqP3\nVZRhB/95RW1sMXEIfOg/Fev3AZht6r4Sw5/TfXAfpAu5QH4pTPlHnTUQQsbNrefk\nHoTtltZHHF8s+btAnYy41AbBP0wliIifWx9po1NS3Z3/5HqayFBy1aZLUZKGffEH\nvQIDAQAB\n-----END PUBLIC KEY-----\n', 'LS0tLS1CRUdJTiBQUklWQVRFIEtFWS0tLS0tCk1JSUV2d0lCQURBTkJna3Foa2lHOXcwQkFRRUZBQVNDQktrd2dnU2xBZ0VBQW9JQkFRREhzYUJZZ21GY3ptcHkKTmV6QTMzTktQMjRScEROOTgvb1JBcVJiVW40N1NOTUthQW10L0o2M0p5Um9YaEFPYVhMcVZjZy9scDR3S0xPawo2WlVzMGRSTWZLaDVrR0o0UUpVVC9TNUFuOXF3L0Rjb2Nzb1NBVnI0dWk3d3BsMmJpQUdBdEl3OW9aVmFrbFdJCkcxMFBza3FkTHZGZFd0NnpqRmtYQ1cxeHhibDlYY1kzaFArTzZvMklCM3U2cE1kc3dFZ2UyVzNZN09BZm1mRzUKQUp1eW8vZFZsR0VILzNsRmJXd3hjUWg4NkQ4VjYvY0JtRzNxdmhMRG45TjljQitrQzdsQWZpbE0rVWVkTlJCQwp4czJ0NStRZWhPMlcxa2NjWHl6NXUwQ2RqTGpVQnNFL1RDV0lpSjliSDJtalUxTGRuZi9rZXBySVVITFZwa3RSCmtvWjk4UWU5QWdNQkFBRUNnZ0VBWEU0MWJhUTZ5QkRiOEZZUHpXbWNXNTR0VFRkRzIvb3FSYkdnY2x3VDRHaDkKc01vOWF6Q2gxc3hmam1Tb2JGaisxdVgzRGJtYi9tdloraWxFbkxhVE9SWElOSVR5bDE1VzZxbjF0c2FOYXBEegpHQjNUWFBaR2JFRjNrQ0orazNXUEtFU01yTEpqbkwyV2pyY0RVYzJhb3NSL3FpVG1XejFOTXhKWEJpZWM0WjdrClV0T1BURkU4ZGVXUG0zWHQxQ1pnR2ltVHlFeHV4dXdmVmhUNFBLT2JmNWFMNXJQSE1IRlRyNXNnN0ZmVjEyT3MKL0dVdkVSMUg3NHlWalpXdlZIUFNNeVdCMTVJVlV3QUFqcHM5R3VPRHpUY0N1TzRKMG1vVmtXQ1p6NnZwU2dPaAp4QkpPTUdNZW50OTJiSWVDN25ma1g0UDRueWw5cWRuZVRVdmJSMFBSMndLQmdRRDcwTHFqUDF0SWY2Y0FLeXgwCjYxZVVWblhPMEdYdG9FSUZEQ2NsRUI3ZVpTK3hpL0QzZVZkT1NDaFI2N2YzL2xFYXFDeEFpYzJxQ2ZWMm1JS0cKZ2REem9qbk5uNzR6eHEzWXJyeHkrU20zU1J1RENtUU15Q1RobUVhbk93Z25RYTcvYzJvMnVMWVRXcnBDajh6aAp3VFdYR3hXaDY3L0g3QVY1UTRNNmF1ZFJad0tCZ1FETEF5bVU0RlR3M1BDNUFVWlRaR1JWMjR5cnR1NFVGT0lHCjlxVi9aSjJ0NFZhTU1Vck1sV3RBZk5uYVd4MW41RHUxRjFkWjF0dE1oY3A3b3VXYXhhQkJMZ2NpR1BPeUY3OWoKWFV4Kzd0UFVEYVgxRGk3RzNCQjdFb0lMK2trYUNKT2RhUTlaUllWR0pPMDIxQSt2WVR0RFZZdXhIbHhwQlJyeApwRi9lakhCek93S0JnUUR0L3BTbS9aWlVxdkUzWTVhYzJtRG52ZCtTRzd4NkhlREh6SGlpdXQyeDY0aHNFWXNwCkdmRzk5c3pFd0RnYmxxMG91SkU2WGdPWEZkcDh3Qjk4Nk95SGwyZHlRK3dNRzFicldCcWJ2NG9CeElMUUV0NEUKaHBUMDhtcTBXMEtWZDZyaG5EOWlnS2oxR2VhNFNoaWx0V25rNnFCRGJRRFEvdTBkY3dWd0RPR2JPUUtCZ1FDNgpQMnQ5anhXK2FDUmN4b09iYkNYMDh0Z3FqVWY4bW5BSERXOGw0Y3diUXZsZzRyUUozeWNuWWFPSUJVR0VGOHFEClNDZTJYenlRQnNxT0JSTjZtOFo3SmR3YmR5TFVCNTlwYktZS2FkZGkyeWFmSE9UalFlL0l5V0VQMWc0TTJVTjgKRFcrc2FmQnNPdUo2QTdGa0orTHowbDYzSHZDTzFNVTBYYVlxaVZOOUV3S0JnUUNwdjdsRDNmaGhyaTBydlltTApMZEtnTUhOaFhlaWc0T1Q4R0NNc3BkY3N4U2JJY3krK3EzbGR2TGZrTlpZdFlFMHFpQlpjVWplTm1iblNnN3doCmZYcDUyUUNiZ3RjR2cxaVZDVU10dmUweDRsQ1EwZTc3SW5JRC9IckVJZ1AwTDhmTm80NkQ2UFc5N0I4SFFyc3MKUXY4TzZFS0ppUW81bitOYUx5bW81YnhyMVE9PQotLS0tLUVORCBQUklWQVRFIEtFWS0tLS0tCg==', '2025-05-21 13:35:11', '2025-05-21 13:35:11'),
(5, 21, '-----BEGIN PUBLIC KEY-----\nMIIBIjANBgkqhkiG9w0BAQEFAAOCAQ8AMIIBCgKCAQEA2ve2Fr83M+wEWeszIqMz\ndU0jBBNoOJCHAQSVs/aLd2PLZH1IRjIma/Q3Ed2Bofpk3avEP8vlNmW8AleRyNHL\n8DNgxLe1kG04EVGd/qDTzr98xAJwhx+e+cXaeG/HS8feiEV/su/gQ652ODjbq8Ji\n+Dos2Hoea37dQV91+hbZ4WSbDkiwEOfngWGGeY/LhjhURXfBwYtqhElPX6MYKzCy\nCugI+XqAbGOSCiAZkOXcm9cObJKcrtHHw34TeWFRQGWkzOIZCElyDdphzIqmjES1\nI1yH4csUCF5lyJAiH1MXjYBCO9UUAE+F5NhdIXJotwlsvcuaNu94GGeVmfGYwWKj\newIDAQAB\n-----END PUBLIC KEY-----\n', 'LS0tLS1CRUdJTiBQUklWQVRFIEtFWS0tLS0tCk1JSUV2UUlCQURBTkJna3Foa2lHOXcwQkFRRUZBQVNDQktjd2dnU2pBZ0VBQW9JQkFRRGE5N1lXdnpjejdBUloKNnpNaW96TjFUU01FRTJnNGtJY0JCSld6OW90M1k4dGtmVWhHTWlacjlEY1IzWUdoK21UZHE4US95K1UyWmJ3QwpWNUhJMGN2d00yREV0N1dRYlRnUlVaMytvTlBPdjN6RUFuQ0hINTc1eGRwNGI4ZEx4OTZJUlgreTcrQkRyblk0Ck9OdXJ3bUw0T2l6WWVoNXJmdDFCWDNYNkZ0bmhaSnNPU0xBUTUrZUJZWVo1ajh1R09GUkZkOEhCaTJxRVNVOWYKb3hnck1MSUs2QWo1ZW9Cc1k1SUtJQm1RNWR5YjF3NXNrcHl1MGNmRGZoTjVZVkZBWmFUTTRoa0lTWElOMm1ITQppcWFNUkxValhJZmh5eFFJWG1YSWtDSWZVeGVOZ0VJNzFSUUFUNFhrMkYwaGNtaTNDV3k5eTVvMjczZ1laNVdaCjhaakJZcU43QWdNQkFBRUNnZ0VBSTRhM00xK1l6RUxKdmZFTUhkMk90c1JxSHZvckdhcFJUUmY2VmZWMVVVeU8Kcm1JcFBNSmNPMzJuQmE0RG4wMHAybEZKQ1BUQzNwMkk4SFJXd2RkUUdFdXRzcHoveDB3QkljWTFOUi9RM2FWeAp6N2Q1bkdMRC8xQmJqdGpMNC82c216MXpaNHZGdmhWck50bjZ3aFpLeW0xZDQwMkU2L25zV2ZQc0IwUjMyenFUCm1hcUV6WFlST1R6eS94aXNnVkFwUXROREs4QUZTTFdNNVUzVHp4dVlIUmRQdmtCU2E5bGx3VUs0bjFvU3hlZHMKRWxROWw4WElUSE1Ub25Zcy9DL3FwbHE3emhycHpJTVZrelNtdUpyTFYrcDMzRmJJUjJTcXpUWUw5cHZjWDFDSQpqc2prVjA1cU9vTmN3WjMwL3FzVlNGNjJqTTVoNnNENDhlNFEzUEpDNFFLQmdRRHh1QmJ0LzBXUmtEc0N3T3RmCkJpSGNzd212MWJvbjJaTTlYdTNvSFRNOVlZTWJqaHNUWHcxd3RBZWZWc3N4cndFU2NNRHNpSzJIblBEQnFNQTYKRVRhVWNwaTFNcFcrSWVKVHhjZmRlbVBvVk5MLzYydTducHZSN1ZvbDJ5eGNLOU9DRFBmRFpwZG8xNE02YWdzNgpVVm54ZWZxQnZCNmRJQ1UveEpkVnRRLzNhd0tCZ1FEbjU0T2hGZE9VSmFISEtERzhRN0JyVVZEZHJRdjA5TCsxCjBiMy9McFJKVlI0NFlPWHNIdjBPLzZhK3l5dFpiYStWYlFwOE4zM0ptRWNvL2tJQTlCUmtRRUJWWkoreXJ3THAKTlEyMk1DYy9aREszN1NqeFhSanU5bmZ6RGF2cnVNN2VsVmhkUEU5ckQxMWpIc1NuVU51ZExWUjB4a3V5blhpaQpSdXMwVURiWU1RS0JnQk9KYm9rRDllcUMvdElGSjhFQmJPRTZzMUM3OUpUZCtCR2d4NWZZTEZrTXRaMFhpa2F4Cml4T042WVBPYnhQdjhpVThhY3QwYkpvbWJDc3E2WWFIOTZKZDlNdkliK1B6TnlqUU5veEhKU1lWSFF6RVNXdmIKc1BweHRiU1RsMjFIdVl1c1lxWXZkNU5vdjltTDBxWi9Cc2NHdGVHZ2c5VHRVVFZyUFZRWEUxaExBb0dCQU1EQgo5TzFPUVNGZzdrbW1KVUVCV29DNWhHZmQwSlI1WTJoendHTjlpaEF5U2Y0K3ZKNDVXOHE5d1JIUnVtU0pBV3RJCnlYQmFoNW1yazJxRmZNTmlIaGorTnZ0RHVtSkJpai9oczFYK1RJRXFmZVhYb1RLT1dZMDNISmpRZ2xoYXNzamMKaGlocFd2SDRRWDJFTTUySFhpUVZhNS9zdXpycUhUMTFpVWRnYlZYaEFvR0FMVzBTdGYvOGRad2YxSTZVOU14bgpKSGwrekpvVTJVcXEveW1IZXV4dU9wNUlDVmFzRG9UR2Y1emltMGtRcGlRckxNNjc3RjNRdlhnU080c203c0Z3ClYzaTU2ZnBLRy9taktaZENvblNHZXNWdzZFaDB4L0Y3dFNUZEV3QkE3enNvMDJpUFF1OVFGUlVBc1Y2bVRWMTAKektPNXIvTkt4ZXRHQVJZZUNSZkk0Snc9Ci0tLS0tRU5EIFBSSVZBVEUgS0VZLS0tLS0K', '2025-05-21 17:07:39', '2025-05-21 17:07:39'),
(6, 18, '-----BEGIN PUBLIC KEY-----\nMIIBIjANBgkqhkiG9w0BAQEFAAOCAQ8AMIIBCgKCAQEApuNijZhRu3uv55t5fKys\nuZFPNuix5EdjzwVZ0anH+ME2mlbx+EVgpcRcdQLbR/dSno+nCdxar21xkN0UUjdh\n5Xclkb/szNF2gz8sAyzVZsRHZHgFigRiqjuHDcOIUIzSRbv2w7TJ6eta7gvcYebK\n+U0+Gt/zUgWOxbhSVUzkDEGDVZZTsH6g26rO4Dr5eHg8lSr2tZI8e6Q9uqjwXudK\nKiPJQZI+WYpDyLkmTMfr2EveKD3ejP3iRv28NqZKy8dh7etVollk/m6P6qT8uAPQ\nnbEVewwl6eDgOtayQsk7PcyvakgelgaBBr2I5NihlyJTKLVWD2Tgw+sXEuGUx4Q4\nhQIDAQAB\n-----END PUBLIC KEY-----\n', 'LS0tLS1CRUdJTiBQUklWQVRFIEtFWS0tLS0tCk1JSUV2UUlCQURBTkJna3Foa2lHOXcwQkFRRUZBQVNDQktjd2dnU2pBZ0VBQW9JQkFRQ200MktObUZHN2U2L24KbTNsOHJLeTVrVTgyNkxIa1IyUFBCVm5ScWNmNHdUYWFWdkg0UldDbHhGeDFBdHRIOTFLZWo2Y0ozRnF2YlhHUQozUlJTTjJIbGR5V1J2K3pNMFhhRFB5d0RMTlZteEVka2VBV0tCR0txTzRjTnc0aFFqTkpGdS9iRHRNbnA2MXJ1CkM5eGg1c3I1VFQ0YTMvTlNCWTdGdUZKVlRPUU1RWU5WbGxPd2ZxRGJxczdnT3ZsNGVEeVZLdmExa2p4N3BEMjYKcVBCZTUwb3FJOGxCa2o1WmlrUEl1U1pNeCt2WVM5NG9QZDZNL2VKRy9idzJwa3JMeDJIdDYxV2lXV1QrYm8vcQpwUHk0QTlDZHNSVjdEQ1hwNE9BNjFySkN5VHM5eks5cVNCNldCb0VHdllqazJLR1hJbE1vdFZZUFpPREQ2eGNTCjRaVEhoRGlGQWdNQkFBRUNnZ0VBRWExNFhRTkxkUTZPL1h1TWpOWkZuWXAwMTU0aWFjbmVHcW00YitzS0VhRjEKeFRkOGZnM3JST1BkMzA4a0p5VmRqUW91YVc3NzlDVWxxSENpbkdyZFpjOFBIYmMwd0NWWDVtTWtxRmx4YVdkVgpJS0ZPQk9hZUJPWTFVaEhxT0k0U0gremZJSy9meTNWd3RsSnZUN2VBdkpPZ0JueSthMnZIU2M1U2VsS2d2V052ClVOb2psR1drVFB5QnZaZm5HWlJaVTVPSFBnOFYzSmIva3V6Y0VqTXB2QnZtZ01yVDBZTEUycCtMNjJBSE9ra3YKUkt4RmcwM3FVWDduOUFNaGFJL0ZsSmFBSTNhVUZlcWdvU1d4VElhK3dieGg2MFF1Q1NkSTAwNVRNU2cxM2J2NgpFNlNoMjhIc3JIZFJYRmN0K3V2K0JzTzZoRzhRL2lNZ2VvRTdCMmoyZ1FLQmdRRFhMNklSRE9ST3gxb1JhV3B5CmxEUS9oUmVTU1hsQ1pjWG5CSEhDalRxWktQazVHNkJmZUwyTTRBajl0RVB1eXJvK2phcHdzU1BtSGdkdXpuaU4KSXpFVTFkdDdNRC9yT1d1ODRadTNxaEJJbGVMb2k5RTh4WndNNmJ5ZEYxaklKUzNrcHQ4ZGZtcENsVVBlVjZLZgpwTEtyM2RLQVpocnl0aXdWWXBFdFJYRVFWUUtCZ1FER2lxWDl6bzVycGhqaHJISmtMREl1TDRtRUUvTVIvbUlPCnFDK3hia2hRajZ3Z1Q4bTUxMVptVVhwTVZSczhVb042cUloSkVqcXd1ejZzNG13N1dMM20yNVNvUzFvc3JhMngKTU1jWWtxSVBSd3RVamFabFhqRFd3dStDSDVZL1pZMHIvQ3l4SU9sTkNEcUtDZWl6bmRkajdXQUZoWWlSY3JYOApaRnUwdEhMM2NRS0JnUURUZFptYmk4R25zTHRQdFBuSUV0K3ROQXJQMUtmMm1iQjZycUZrQUFqL2pZWXJtbnhrCmxYQWZ5ZURMLzZOcU80bitBcFRsSFE0Y0NwSmZUMEtqMzF0U0VENFl0bmQ1bmZuRHFTaXV1YzQ2cGlCUFNXYWEKZzg0djJsbGhQaG9leEhwdTRaVUxsTGl6S1orQ0ZUaFlEUzhQT1hLc2Zxb29yT0J4TzJWU3laU3I2UUtCZ0NnVApvckFaK3R1MStuM0xYb2ZqOS9ra3RXQ0kybDcrZDNLMzluQ2RiMUY3dnVZQzFSaURaRGhoS0F1eWZqM3Q5Z1pUCmNMYzNTOHVTOEhMYmZiZDVFVlJCYkwrUC9sTFllQ0ExVldzYlprVXBOUnRMUUpSanIvNForVmpONFhsSW1YZVEKZnNEK2dMbUErTGdXaWZkLzNCT2F2ZkEvWlRMZThlZFJwc1ZTUzRheEFvR0FRalNKdVNtaUlFOWdJS1E2SFZidAoyaXp5c0RKelRkUXJORThXU3NqdDBoWTJPSFR3akVQdlRjV1JDYnlxNEZMalNDbk16ZzRhSUNHQmF3dzhBYUM5ClVMcHYyemdSeHQwbnc2WElSVGN4MzZvUVpqRzJTeThKcGVVY2ZqNHFMUDJTNnVRNVMzdjJGWnloWXZmSGttaDYKUmhMSDNpMHV4dTZmamVKeW9pWkJpclk9Ci0tLS0tRU5EIFBSSVZBVEUgS0VZLS0tLS0K', '2025-05-21 19:57:30', '2025-05-21 19:57:30'),
(7, 22, '-----BEGIN PUBLIC KEY-----\nMIIBIjANBgkqhkiG9w0BAQEFAAOCAQ8AMIIBCgKCAQEA2ay0StMbzzyAkNPJsO35\nThoTIOwrwkDTQKf8bUK7GwTHFVU2rqtShFiQhaOk0l7yxIYTocp7A32svQRmqFZ0\nnCIrwjyWjgdVWeobL4jYL5dP9imwieyS9c8LHkM2OQ9O+1XHifVgZ04h08Gdozx+\nn3AEP6oVN0FWI8ZvZLGoWm7bjV8scMJNh13Y5zESvmoEGZz9pwCySaGqDfFiqpit\nh5kLWlt3q1aL7oNSqJgxujRQzId02hjRfaL7CgvS8nCddOcsGSuMdjOaGI1FRY20\n1fand82DNTdLKkoRliROvVkHUSmRCFX9tFP+ZdOcj8uhZkqp+db3Pa6P/H+z2Lm0\n0QIDAQAB\n-----END PUBLIC KEY-----\n', 'LS0tLS1CRUdJTiBQUklWQVRFIEtFWS0tLS0tCk1JSUV2UUlCQURBTkJna3Foa2lHOXcwQkFRRUZBQVNDQktjd2dnU2pBZ0VBQW9JQkFRRFpyTFJLMHh2UFBJQ1EKMDhtdzdmbE9HaE1nN0N2Q1FOTkFwL3h0UXJzYkJNY1ZWVGF1cTFLRVdKQ0ZvNlRTWHZMRWhoT2h5bnNEZmF5OQpCR2FvVm5TY0lpdkNQSmFPQjFWWjZoc3ZpTmd2bDAvMktiQ0o3SkwxendzZVF6WTVEMDc3VmNlSjlXQm5UaUhUCndaMmpQSDZmY0FRL3FoVTNRVllqeG05a3NhaGFidHVOWHl4d3drMkhYZGpuTVJLK2FnUVpuUDJuQUxKSm9hb04KOFdLcW1LMkhtUXRhVzNlclZvdnVnMUtvbURHNk5GRE1oM1RhR05GOW92c0tDOUx5Y0oxMDV5d1pLNHgyTTVvWQpqVVZGamJUVjlxZDN6WU0xTjBzcVNoR1dKRTY5V1FkUktaRUlWZjIwVS81bDA1eVB5NkZtU3FuNTF2Yzlyby84CmY3UFl1YlRSQWdNQkFBRUNnZ0VBYVh4cnpMejhnNVBXM0JoK2Erc1BQMTJjZW41cEFGU282M0xjL2RmeVUzZ2YKd0VOUTRobXRQZXlyY00vcWJuWkw0SmYzQ0pkV3dNelUrcTZZenloQ2oyMXgxa25GVGlQWXBWK3hkL294aGZLbQpjZTBuRzlmVktpRUJTdE9ZZ2ROYzI2am9yMzhGamxxTFF4TFhnVVV1T2Jhdm9HaWNxbS9UdmplS1FQcGxVeGowCkl6ZWI5MHlCTHovWVJ6K3p1bHhFRjEvTEFMUlZOVFVpQmR6WGVabVNaTGcrWjN6TVc2R0xURVAvdzdzOHZORVkKeEpGakRFK3NnNEJxQU5xcDFrUUFDZUptVmN2cUlOYWpLTDVQQWpIcFdPSlhQNzA3Y2x0UW1Ic1VHYWhtcy8ybQowTWN1eCtobEY4T3ROL0ZkeFNMMFBsTDRyZ2tNR3FBajZodGovNFdwandLQmdRRHZ1SjJ2KzRtd2hNMEdkZWl0ClpqRXZOTTFzLzFvMVdIdXhaNUl0dzR5Wi9jYXBieGlwRGJPNGlISktMQkFoT1dKZFFPUzU1MzJQdThlaGNhWUYKb1llMlJLbmRoc2VheUNjUkt0OGdxTS9NTmJVdkx2Nlo0ZFBuaWxMbnhJNnVZakZFdmdSYlNsczJTS05yQ2o0KwpPL2ZJSFZ5VGcvVkxlOGI0dExISXZ1S0xsd0tCZ1FEb2ROTXBXcU01QWllRnZjWVp6dlJUTy9SbEZGUVUxK0k3CmV1NDA2VHN3d25od0FNUFVmQVFpT0hvL1pyMWRoSUJJN3hMaVhjbEZxRHVhK1BaS1dDTXNzaHl2R1lnMmwzNUsKTXF2SGUvMEJyeGdBU2prWWtuWE56dnhIK3I3dUQ1bkRMUVdYZ2hhTU5OUEh4RVVDeFhXeXVJZnp2RVhTa0U5Wgp0amM2bjVCdjF3S0JnR0IycGQyZkZyVVZlM3RTRHlOWHNBc1M4R2NnQ2lqVlJsRUpJR1dSL3c0b2RMelJtOWJMClVMcTlEV0NUZ3BvY0FWME5NLzByRGZlODFJUSt1MVFndi8rMGViWk8raHRxMTIydEZzU0pxYlMvRi8yNHAzTTgKMEl5bnVOelMxNmVNazg3WnQ5OFVlTWZMU3hkVHMrQlBPVklwbm9zdDJwTlpaNlBFOHBXWldvaFpBb0dCQUs5bQpiMnMxM0JHSklaOVY2ZVBSZUNSU0NnQTNUWmFJcTBrc1lnK0VxVWdLaFd3bDk1NGVrZFBzZjduVllTL3VhZ29lCmMwWmhkQnplYTFOdFpoSUUzVTI5ZTgxWDI2TXR2bnBvTDV3UFg0Smt4eHg0NVFvNGdURnhiSVUzbTlmdjU1c1IKSHJZS3o4NnRrZHVicW1NRDhlS1FRTzFWOCsyRlBJcTU1b1NTb0I3ekFvR0FGRzJoQUF3YmpmSXkyVEVTK29WNgpaeW5aRE1QenAxRW02Vjl3RVJ5QVZXN1Vpd0NiYktvLzhnNEh1NU11KytzL21pYXRTako2NGxMbVpaS0hQK3hoCko0Wk1PTUd4ZlUxTGovb09ib1RLekdqRXNKbDE4WEkwak44V2pFOFBtbWhFbkc3Wk9qdmFaSUE3Z3h0MjZIV00Kd05vNGEwOWZzZGNqZzdIU0VxZVBDRTA9Ci0tLS0tRU5EIFBSSVZBVEUgS0VZLS0tLS0K', '2025-05-21 21:22:11', '2025-05-21 21:22:11'),
(8, 29, '-----BEGIN PUBLIC KEY-----\nMIIBIjANBgkqhkiG9w0BAQEFAAOCAQ8AMIIBCgKCAQEAijyw3wuEU5RnXJBg6dVr\nA9bHKpiwNLnArrFlyX500W5IcAY69SubHRuXN6PzaknRfCqGzhXaONPP9BYG7HeR\nj7CZsjrvi7Y66d21yh/ieDp+6d8vvHRQd1piGGZNXVv3rMqpTnO8Nv0bW3e0ZyRQ\nxtBU1XZZlmoKsGkw7lCuKGseYtwB2nJR2P3ROzRwlTTAElSfA4AtINXKENV2lCYc\n+Tgrmp2/BNB8BaMIlw+cGmjPMItYr/zNGO0bnX6PpXi7uC7j1wa7pBccFIb2hSHQ\nYKy2fxKi3lLKbIt3zs5IXEHDqxQnOz8emrLoHX3nheZTQ2O6y8a08Uv/KKNb1k2q\nmQIDAQAB\n-----END PUBLIC KEY-----\n', 'LS0tLS1CRUdJTiBQUklWQVRFIEtFWS0tLS0tCk1JSUV2UUlCQURBTkJna3Foa2lHOXcwQkFRRUZBQVNDQktjd2dnU2pBZ0VBQW9JQkFRQ0tQTERmQzRSVGxHZGMKa0dEcDFXc0Qxc2NxbUxBMHVjQ3VzV1hKZm5UUmJraHdCanIxSzVzZEc1YzNvL05xU2RGOEtvYk9GZG80MDgvMApGZ2JzZDVHUHNKbXlPdStMdGpycDNiWEtIK0o0T243cDN5KzhkRkIzV21JWVprMWRXL2VzeXFsT2M3dzIvUnRiCmQ3Um5KRkRHMEZUVmRsbVdhZ3F3YVREdVVLNG9heDVpM0FIYWNsSFkvZEU3TkhDVk5NQVNWSjhEZ0MwZzFjb1EKMVhhVUpoejVPQ3VhbmI4RTBId0Zvd2lYRDV3YWFNOHdpMWl2L00wWTdSdWRmbytsZUx1NEx1UFhCcnVrRnh3VQpodmFGSWRCZ3JMWi9FcUxlVXNwc2kzZk96a2hjUWNPckZDYzdQeDZhc3VnZGZlZUY1bE5EWTdyTHhyVHhTLzhvCm8xdldUYXFaQWdNQkFBRUNnZ0VBQTVNUWJVSU1Xc2RwZVUyajdlUDJlNC9PRUZwSW95SmkrcmxzVlA2YnVXOGgKT1NGV0hMRVRGcGg0SzJpR1FxczBPeUpUNEVnVkg1ZE5oeVdiS2ZucEJnYkdZS01RdnVONFNFUVMvMjRkNG1jNwowU01UNWtyNUtpN29mckpGZ1pxZlQ4VGhSaDJzd2h5L0hIayt6VlIxY01DaUV1OTNuMUd3WTFHakFlU003azlXCkRCOFZsVTJ0VW0vVHdYamd1UlhUUjcxRktzTkd1Vy9BeUUvcUhic1hlTlR5Q2IrZW05RmV6RGp2RE1pdkw2angKWEp4YWNJOHdBVEVqVVcrTEFieEFvV29SdGg4ZUNlUFR2RXlNZklGZkU3bG1UV3haWmNoMnIrUFYyKy92ZG51MgorbjI2YklFWWlHb05aR3lJd3lvcmljZmcwYlpnU2tUeHdQMHJaRzFrc1FLQmdRQzhvR1h6OTFmNiszSWEySysyCkxHSGRMRXZVWmZZdmR6TEJDS0VLNEp0VkpjN3MzQXFweHMybmFVcVQvUTVQUElNdGZCSHowWlRPR1dIT05MZjMKS2JEYTdpZWp4eExreHkzdDEvejNhV3QzREtGWGQxMFkxclA0aWd5T2RKa1J1WWV2VjE5UWFnczE1dTM5UUorRQpjZmtvWERHaWZvNi9VZEh6ZzNMSHYvL1pzUUtCZ1FDN25NbkFhRVFTT2Y2UnBrVXM3RWdUdlY4QjhETVN3c1liCkswS1RPSXNJZmxySUE5Ny9DNFU5VXJqN3NuWVVKVzBUNit1dnhkdVNHUkpWdWNTZklFcEVxQUloL1lLMFhMYkgKKzgxWkFNNXBvUVFZM2k1T1BvM0YxeW1VRGFyYUtHbUhnS0xiTTJTQ1FsZjR0Uy92TjlDVjRsRkxOMDJzdjkwawpKWnQ1dXZxeGFRS0JnQmhDbFBwTXpLOEdHZ1hqNnEyR2hjdTVmOE5BbmVvNjdYY3dVZTRoTnprN1ZLTFlKakx4CjA4OTlWazgwVTl2VEQ1Z1JCZ29TNFkya2JCVG1hT2JNSU9mM2kzZWdDZ2tNcVJhWEdmMEVQUU1oeDdxRktwOGcKTmlONE5lYzRqZHRldmxuSjVnTmtzQzV0bGh4bGJGN1BmZGs0Q2xZNDZza21qOWMvQjhzeklZZnhBb0dCQUpLYQp0bDBRSFFGUktFaVFjVVhsYlgxZllicVdCSk1JZU40S00vL3ZFMVlUeHNTOW9hZ1RUSTdhOFlwZHJqK1g3MkM5CjNuS0FYbEFRSDIrMXRwdlNFN2NLd24vbEpobml5VUlFMWpaU2x2bWJ4U1BabXIyeHkvOXBYeWcrZGQvNzdGcmkKZm1Ca0RJcHRaV2tIek9sVjZEejNtU2I1bEUwRnNMenFWbEFOZUpEaEFvR0FkVytOZFpIdXcrTGJhNUIwVFNvSQozbGpnK1VZbXI2NjBZL3ZNNUFUaHpvbGRlYURMSjRaODREU3IxQmNZQzR5Z0V1ZWgyYVVlNmNKVlMxb2w0WlVyCjUxRkFYSFQxTGsxRXhOaG1rRjU5UWRvZ2JrVWZnaThyY0JYbUROeFVLMExHOVp5UmRvUDlsWWIraEVlZ1lISmYKSXNaSGV3dUhDYkoyaTVzY05ONmg0SUE9Ci0tLS0tRU5EIFBSSVZBVEUgS0VZLS0tLS0K', '2025-05-21 22:42:39', '2025-05-21 22:42:39'),
(9, 28, '-----BEGIN PUBLIC KEY-----\nMIIBIjANBgkqhkiG9w0BAQEFAAOCAQ8AMIIBCgKCAQEApF3oclLWvrUKZxum/EMH\n5GV2UCxlD7pOrMOofWNlXywWN9SmSFx4A7xxuHS/9zWFpCaq8bGxAF0n21MBJygF\n4f1zKcnjhyV9L2mCiQhbj6ORoxsD2g3fXusDVkEtNqnB9vbZpi9HnqJ3Pg0KtRYn\nQll83qOcmLn/T6hLw6E51UABU+eHBM5QnLN5GviN9eW5yWDJpBuCs+e/UKPDmTBK\nitnlmGctq0P7ZRwW92MXigrmSnIC6oPq6UUtdqZ+smt/2HjKVNVlJy+N7zqRaOIT\n00pbdgBBU32PMNlGNPmaxYoIP40fLR9lism74szrnzsO0PiqUoembAfVcPvRLuzD\nTwIDAQAB\n-----END PUBLIC KEY-----\n', 'LS0tLS1CRUdJTiBQUklWQVRFIEtFWS0tLS0tCk1JSUV2QUlCQURBTkJna3Foa2lHOXcwQkFRRUZBQVNDQktZd2dnU2lBZ0VBQW9JQkFRQ2tYZWh5VXRhK3RRcG4KRzZiOFF3ZmtaWFpRTEdVUHVrNnN3Nmg5WTJWZkxCWTMxS1pJWEhnRHZIRzRkTC8zTllXa0pxcnhzYkVBWFNmYgpVd0VuS0FYaC9YTXB5ZU9ISlgwdmFZS0pDRnVQbzVHakd3UGFEZDllNndOV1FTMDJxY0gyOXRtbUwwZWVvbmMrCkRRcTFGaWRDV1h6ZW81eVl1ZjlQcUV2RG9UblZRQUZUNTRjRXpsQ2NzM2thK0kzMTVibkpZTW1rRzRLejU3OVEKbzhPWk1FcUsyZVdZWnkyclEvdGxIQmIzWXhlS0N1WktjZ0xxZytycFJTMTJwbjZ5YTMvWWVNcFUxV1VuTDQzdgpPcEZvNGhQVFNsdDJBRUZUZlk4dzJVWTArWnJGaWdnL2pSOHRIMldLeWJ2aXpPdWZPdzdRK0twU2g2WnNCOVZ3Cis5RXU3TU5QQWdNQkFBRUNnZ0VBSlJYM000eFRYYlkxZ2F3d2tpeUJwRnZzUlF5dlJNd3hvak9IV2J0S2pSM0MKYVpoMmFFOU0yUEwwNmJ5Vjc2NUkyQS9OZERrMmliRjdJN1pueFREM210VDMzZzdxWW56bjhRR3FiVWJRZWVsYgpHK1VsaWxhazlxS3FIeFVYb1lUTitlNGFqNitOUmxLNyt1a3dhRWwyVkRjaXdJMUQ4UVhPZ0dlbHFKOUJFRWRDCjNwRTkrMDlSYWo0M3N5R2d6blFYQzM5c01qYlhPQk1NeGFBa1FOSzR6WU42Unhra0FsTHN5a05WS2Z0OXVBbEEKOG5kRTJaVUtNWkRFYjZOZFhUeVN0OU5WMjdjZjRXaVcvUllrS2pmV1pnK0NLRzdqYjVrZXAydlBXQ0x5NXdGRQpmblpleURxYVBlUExuZ0FQU1JaeGlrRlpNRFFxM01qSWprdE1sak9NZVFLQmdRRGZVODdKdHlIaTRZREFOKzB3Cm9QaTZvV1M3cU54MnNZUWpPeWJRZ1JuZE5wS2JRRFZUa0E0U2FLNDU5aENpaERzMzNPMmtLNTR1Z09id3BQbDIKNzRYVW50bTFVZVJaUFloc3MvMUZlVkxRVUhITXNDVUZ2SlFCSC9VTmZPZWFmY24yQWZ3Z3VIYXlkdUtCMTBMUApncG5PNDVuV3hRSVJaMTZ6cStTMnR4Skh0UUtCZ1FDOGFkL0ZsaWZqak9rdC8vdzNtenZQMlNjVTNGd3hsRFVwCnRMSUR0dmNDNTdsbWxxc1c3elFPUWJIQmE3OS9GdVl3R25LcjEwSU0xTU1yWU5xUDZldXRWSThKOHFzS3NRelYKZWp6RjNJenFkUldIVCt3OFpROWNjR0VWV2JxNlkvZDYzVmlJbmMzY2YzL3k2VnBXOUZrdktCaXJIbG9nWnVwTwp2eFhYZGNwNWN3S0JnRkFkS25ObVJMdTFGWkRlL3pHUXJXbVYrQ0x4d3BTNXZhTTkxd0M1TDJRUjdhblA4TkZYClBoVVFoRis2aStFZytuVmh4Y1k4OTNQTFBnMVp3VHdQVkwwZmR3MzZvS1g2MHZQYjVhR0VrbGEwWlA1K3VlbEMKNnYwMFQ1NVZEbWgzYzNuUzRIV0VkdUF5a2JMdVc4TkJJSmY5UWZTdm03eE9qc1I1aDRTY1MreDVBb0dBTnlUUgpqblhGRk85UDY5dXBDT2xSRnlNYU1odlFpOTR4dFJRaXFiMnFDOXFnUTZ0RFJjSWF2VFZ5L2dZNEZNMHg3OUE5CjBaZDl5RjJaQmFBaU44Nmg0S2dIK1VSaDFRNCtrRmhuWXcySzNMQUo3Z0Z4UmJmYVNCYklBMFN3eHc2dEJ2T3oKanNDSTJNa2tQSWNabnF1RFVxN3NrV0NmeGkzNDA3VlBnakVDWW9zQ2dZQWRzV3YrNlZ4Smh1ZFdrdUFZTUhjMgp0NGxUbi9nSWZBN0l3cEhIUVJLL2tmSk85Y25OY1ZuUkFLb05rcmQyd0s3WStqYy9UR2dsMERXL25aeFB1UVFiCmhFbE5JNkQ3STJ4cEltYlEzcGZQaURxTlhHdlpaNG9iaEhLWE80bWNiUU9EU2kzWE5IUFR4Q21kNzVoUVJjWXYKcVJsdTZnK0pUQzQxZ3RIYkRQWFladz09Ci0tLS0tRU5EIFBSSVZBVEUgS0VZLS0tLS0K', '2025-05-21 22:48:14', '2025-05-21 22:48:14');

--
-- Indexes for dumped tables
--

--
-- Indexes for table `documents`
--
ALTER TABLE `documents`
  ADD PRIMARY KEY (`document_id`),
  ADD KEY `uploaded_by` (`uploaded_by`);

--
-- Indexes for table `document_shares`
--
ALTER TABLE `document_shares`
  ADD PRIMARY KEY (`share_id`),
  ADD KEY `document_id` (`document_id`),
  ADD KEY `user_id` (`user_id`);

--
-- Indexes for table `document_signatures`
--
ALTER TABLE `document_signatures`
  ADD PRIMARY KEY (`signature_id`),
  ADD KEY `document_id` (`document_id`),
  ADD KEY `user_id` (`user_id`);

--
-- Indexes for table `document_versions`
--
ALTER TABLE `document_versions`
  ADD PRIMARY KEY (`version_id`),
  ADD KEY `document_id` (`document_id`),
  ADD KEY `created_by` (`created_by`);

--
-- Indexes for table `encrypted_files`
--
ALTER TABLE `encrypted_files`
  ADD PRIMARY KEY (`file_id`),
  ADD KEY `uploaded_by` (`uploaded_by`);

--
-- Indexes for table `files_with_signatures`
--
ALTER TABLE `files_with_signatures`
  ADD PRIMARY KEY (`id`),
  ADD KEY `user_id` (`user_id`);

--
-- Indexes for table `login_attempts`
--
ALTER TABLE `login_attempts`
  ADD PRIMARY KEY (`id`),
  ADD KEY `user_id` (`user_id`),
  ADD KEY `idx_login_attempts_ip` (`ip_address`);

--
-- Indexes for table `login_logs`
--
ALTER TABLE `login_logs`
  ADD PRIMARY KEY (`id`),
  ADD KEY `idx_login_logs_user` (`user_id`),
  ADD KEY `idx_login_logs_time` (`login_time`);

--
-- Indexes for table `mfa_secrets`
--
ALTER TABLE `mfa_secrets`
  ADD PRIMARY KEY (`id`),
  ADD KEY `user_id` (`user_id`);

--
-- Indexes for table `password_resets`
--
ALTER TABLE `password_resets`
  ADD PRIMARY KEY (`id`),
  ADD KEY `user_id` (`user_id`),
  ADD KEY `idx_password_reset_token` (`token`);

--
-- Indexes for table `permissions`
--
ALTER TABLE `permissions`
  ADD PRIMARY KEY (`permission_id`),
  ADD UNIQUE KEY `permission_name` (`permission_name`);

--
-- Indexes for table `roles`
--
ALTER TABLE `roles`
  ADD PRIMARY KEY (`role_id`),
  ADD UNIQUE KEY `role_name` (`role_name`);

--
-- Indexes for table `role_permissions`
--
ALTER TABLE `role_permissions`
  ADD PRIMARY KEY (`role_id`,`permission_id`),
  ADD KEY `permission_id` (`permission_id`);

--
-- Indexes for table `sessions`
--
ALTER TABLE `sessions`
  ADD PRIMARY KEY (`id`),
  ADD KEY `user_id` (`user_id`);

--
-- Indexes for table `system_logs`
--
ALTER TABLE `system_logs`
  ADD PRIMARY KEY (`log_id`),
  ADD KEY `user_id` (`user_id`);

--
-- Indexes for table `users`
--
ALTER TABLE `users`
  ADD PRIMARY KEY (`id`),
  ADD UNIQUE KEY `username` (`username`),
  ADD UNIQUE KEY `email` (`email`),
  ADD KEY `role_id` (`role_id`),
  ADD KEY `idx_google_id` (`google_id`),
  ADD KEY `idx_github_id` (`github_id`),
  ADD KEY `idx_email` (`email`),
  ADD KEY `idx_username` (`username`),
  ADD KEY `idx_verification_token` (`verification_token`);

--
-- Indexes for table `user_keys`
--
ALTER TABLE `user_keys`
  ADD PRIMARY KEY (`key_id`),
  ADD UNIQUE KEY `user_id` (`user_id`);

--
-- AUTO_INCREMENT for dumped tables
--

--
-- AUTO_INCREMENT for table `documents`
--
ALTER TABLE `documents`
  MODIFY `document_id` int(11) NOT NULL AUTO_INCREMENT, AUTO_INCREMENT=50;

--
-- AUTO_INCREMENT for table `document_shares`
--
ALTER TABLE `document_shares`
  MODIFY `share_id` int(11) NOT NULL AUTO_INCREMENT, AUTO_INCREMENT=43;

--
-- AUTO_INCREMENT for table `document_signatures`
--
ALTER TABLE `document_signatures`
  MODIFY `signature_id` int(11) NOT NULL AUTO_INCREMENT, AUTO_INCREMENT=3;

--
-- AUTO_INCREMENT for table `document_versions`
--
ALTER TABLE `document_versions`
  MODIFY `version_id` int(11) NOT NULL AUTO_INCREMENT, AUTO_INCREMENT=18;

--
-- AUTO_INCREMENT for table `encrypted_files`
--
ALTER TABLE `encrypted_files`
  MODIFY `file_id` int(11) NOT NULL AUTO_INCREMENT;

--
-- AUTO_INCREMENT for table `files_with_signatures`
--
ALTER TABLE `files_with_signatures`
  MODIFY `id` int(11) NOT NULL AUTO_INCREMENT;

--
-- AUTO_INCREMENT for table `login_attempts`
--
ALTER TABLE `login_attempts`
  MODIFY `id` int(11) NOT NULL AUTO_INCREMENT;

--
-- AUTO_INCREMENT for table `login_logs`
--
ALTER TABLE `login_logs`
  MODIFY `id` int(11) NOT NULL AUTO_INCREMENT, AUTO_INCREMENT=20;

--
-- AUTO_INCREMENT for table `mfa_secrets`
--
ALTER TABLE `mfa_secrets`
  MODIFY `id` int(11) NOT NULL AUTO_INCREMENT, AUTO_INCREMENT=10;

--
-- AUTO_INCREMENT for table `password_resets`
--
ALTER TABLE `password_resets`
  MODIFY `id` int(11) NOT NULL AUTO_INCREMENT;

--
-- AUTO_INCREMENT for table `permissions`
--
ALTER TABLE `permissions`
  MODIFY `permission_id` int(11) NOT NULL AUTO_INCREMENT, AUTO_INCREMENT=18;

--
-- AUTO_INCREMENT for table `roles`
--
ALTER TABLE `roles`
  MODIFY `role_id` int(11) NOT NULL AUTO_INCREMENT, AUTO_INCREMENT=3;

--
-- AUTO_INCREMENT for table `system_logs`
--
ALTER TABLE `system_logs`
  MODIFY `log_id` int(11) NOT NULL AUTO_INCREMENT, AUTO_INCREMENT=190;

--
-- AUTO_INCREMENT for table `users`
--
ALTER TABLE `users`
  MODIFY `id` int(11) NOT NULL AUTO_INCREMENT, AUTO_INCREMENT=33;

--
-- AUTO_INCREMENT for table `user_keys`
--
ALTER TABLE `user_keys`
  MODIFY `key_id` int(11) NOT NULL AUTO_INCREMENT, AUTO_INCREMENT=10;

--
-- Constraints for dumped tables
--

--
-- Constraints for table `documents`
--
ALTER TABLE `documents`
  ADD CONSTRAINT `documents_ibfk_1` FOREIGN KEY (`uploaded_by`) REFERENCES `users` (`id`) ON DELETE SET NULL;

--
-- Constraints for table `document_shares`
--
ALTER TABLE `document_shares`
  ADD CONSTRAINT `document_shares_ibfk_1` FOREIGN KEY (`document_id`) REFERENCES `documents` (`document_id`) ON DELETE CASCADE,
  ADD CONSTRAINT `document_shares_ibfk_2` FOREIGN KEY (`user_id`) REFERENCES `users` (`id`) ON DELETE CASCADE;

--
-- Constraints for table `document_signatures`
--
ALTER TABLE `document_signatures`
  ADD CONSTRAINT `document_signatures_ibfk_1` FOREIGN KEY (`document_id`) REFERENCES `documents` (`document_id`),
  ADD CONSTRAINT `document_signatures_ibfk_2` FOREIGN KEY (`user_id`) REFERENCES `users` (`id`);

--
-- Constraints for table `document_versions`
--
ALTER TABLE `document_versions`
  ADD CONSTRAINT `document_versions_ibfk_1` FOREIGN KEY (`document_id`) REFERENCES `documents` (`document_id`) ON DELETE CASCADE,
  ADD CONSTRAINT `document_versions_ibfk_2` FOREIGN KEY (`created_by`) REFERENCES `users` (`id`) ON DELETE SET NULL;

--
-- Constraints for table `encrypted_files`
--
ALTER TABLE `encrypted_files`
  ADD CONSTRAINT `encrypted_files_ibfk_1` FOREIGN KEY (`uploaded_by`) REFERENCES `users` (`id`) ON DELETE CASCADE;

--
-- Constraints for table `login_attempts`
--
ALTER TABLE `login_attempts`
  ADD CONSTRAINT `login_attempts_ibfk_1` FOREIGN KEY (`user_id`) REFERENCES `users` (`id`) ON DELETE CASCADE;

--
-- Constraints for table `login_logs`
--
ALTER TABLE `login_logs`
  ADD CONSTRAINT `login_logs_ibfk_1` FOREIGN KEY (`user_id`) REFERENCES `users` (`id`) ON DELETE CASCADE;

--
-- Constraints for table `mfa_secrets`
--
ALTER TABLE `mfa_secrets`
  ADD CONSTRAINT `mfa_secrets_ibfk_1` FOREIGN KEY (`user_id`) REFERENCES `users` (`id`) ON DELETE CASCADE;

--
-- Constraints for table `password_resets`
--
ALTER TABLE `password_resets`
  ADD CONSTRAINT `password_resets_ibfk_1` FOREIGN KEY (`user_id`) REFERENCES `users` (`id`) ON DELETE CASCADE;

--
-- Constraints for table `role_permissions`
--
ALTER TABLE `role_permissions`
  ADD CONSTRAINT `role_permissions_ibfk_1` FOREIGN KEY (`role_id`) REFERENCES `roles` (`role_id`) ON DELETE CASCADE,
  ADD CONSTRAINT `role_permissions_ibfk_2` FOREIGN KEY (`permission_id`) REFERENCES `permissions` (`permission_id`) ON DELETE CASCADE;

--
-- Constraints for table `sessions`
--
ALTER TABLE `sessions`
  ADD CONSTRAINT `sessions_ibfk_1` FOREIGN KEY (`user_id`) REFERENCES `users` (`id`) ON DELETE CASCADE;

--
-- Constraints for table `system_logs`
--
ALTER TABLE `system_logs`
  ADD CONSTRAINT `system_logs_ibfk_1` FOREIGN KEY (`user_id`) REFERENCES `users` (`id`) ON DELETE SET NULL;

--
-- Constraints for table `users`
--
ALTER TABLE `users`
  ADD CONSTRAINT `users_ibfk_1` FOREIGN KEY (`role_id`) REFERENCES `roles` (`role_id`) ON DELETE SET NULL;

--
-- Constraints for table `user_keys`
--
ALTER TABLE `user_keys`
  ADD CONSTRAINT `user_keys_ibfk_1` FOREIGN KEY (`user_id`) REFERENCES `users` (`id`) ON DELETE CASCADE;
COMMIT;

/*!40101 SET CHARACTER_SET_CLIENT=@OLD_CHARACTER_SET_CLIENT */;
/*!40101 SET CHARACTER_SET_RESULTS=@OLD_CHARACTER_SET_RESULTS */;
/*!40101 SET COLLATION_CONNECTION=@OLD_COLLATION_CONNECTION */;
